,AATS8p,AATS8v,AATSC0d,AATSC0s,AATSC1c,AATSC1i,AATSC4c,AATSC4i,AATSC6dv,AATSC8i,AETA_eta_BR,ATS5p,ATSC1c,ATSC1i,ATSC1se,ATSC1v,ATSC2Z,ATSC2s,ATSC4c,ATSC4se,ATSC6are,ATSC8c,ATSC8d,BCUTd-1l,BIC5,CIC5,EState_VSA1,FCSP3,GATS1i,GATS3s,GATS3se,GATS4s,GATS6se,GGI10,GGI5,GGI8,HybRatio,JGI5,JGI9,MATS1i,MATS1se,MATS1v,MATS3s,MATS4se,MAXaaNH,MAXdsCH,MDEN-22,NaaN,NaaNH,PEOE_VSA1,PEOE_VSA2,PEOE_VSA9,SIC5,SaaN,SaaNH,SssSiH2,Xch-7d,nFARing,nG12FHRing,nHBDon
0,1.6920472923351766,234.75010706121515,0.5748393021120295,0.47980900160099565,0,-0.2804980118311129,0,-0.10569320290721318,0.10013037218424417,-0.0016860184361390579,0.022134753200280688,141.29525392939598,0,-10.65892444958229,0.08605296051423289,18.249605669493253,14.261707988980714,-0.834913623704308,0,0.18742574655647287,0.2488929292929289,0,-8.029384756657484,1.7584196930958824,0.8923583744938062,0.060606060606059664,0.0,0.05555555555555555,0.9805665886464292,0.912984105002587,0.8661390894294234,1.10342686999487,1.0951446865969665,0.0,0.6288888888888888,0.13503086419753085,0.05555555555555555,0.017968253968253967,0.004259259259259258,-0.15118577407187547,0.043919000655918944,0.009972288777529707,-0.05457794740025836,0.05048553733603865,0,2.1676652068336772,0.7663094323935531,3,0,0.0,0.0,0.0,0.987985462838148,13.774789402650152,0.0,0.0,1.1978435989924896,0,1,0
1,1.6978473131965806,202.25004275859558,0.609375,0.27155930284064933,0,-0.10237183464720516,0,0.11287557641642422,-0.2458373590982287,0.1775152220445532,0.02124936307226946,228.864299973943,0,-4.606732559124232,0.1414211125,-122.53366541503387,13.59250000000003,-1.4078770087924861,0,0.022184935000000156,-0.6572017499999994,0,-7.78125,1.751539199325606,0.8991921735407182,0.09999999999999787,0.0,0.045454545454545456,0.9990291785829264,0.9017733946029222,0.6869243476676887,0.9952583593023496,1.4599508240615475,0.01510458116518723,0.8447222222222223,0.1234961577223482,0.045454545454545456,0.021118055555555557,0.0027403846153846155,-0.05372655777096305,0.14338536474246055,-0.03942431749613221,-0.013216411886452261,0.010767959089343368,0,2.5304138321995464,0,1,0,0.0,0.0,0.0,0.9812098175290896,4.903642211514235,0.0,-0.23715657456398187,1.0995129528129408,1,1,0
2,1.5193958723169239,180.63485892235948,0.646177685950413,0.2950033403935854,-0.0038169770864729478,-0.018807607706843053,0.00033467344239743245,-0.12855477959499217,-1.0401585899013,-0.3498445091039814,0.023484104785642376,216.66645260588598,-0.1908488543236474,-0.9403803853421526,0.12825949999999997,-63.1630355217993,51.54545454545452,-1.0432271965193765,0.03681407866371757,0.17017949999999993,-1.8260625000000006,0.019949789825629692,-3.866219008264461,1.7584200270369759,0.8975389870260324,0.1363636363636358,9.519600999649654,0.08333333333333333,1.036318646859784,1.0058544540090066,1.139137989364608,1.0440490309896637,1.9100217203091319,0.035104581165187235,1.0805555555555553,0.1927437641723356,0.08333333333333333,0.022990543735224588,0.004797113289760351,-0.010573206494672692,0.06567730890779265,-0.019685414766402037,-0.06722518772710386,0.03961050409972714,3.354367756361804,2.344179946670026,0,0,1,9.401129458000556,0.0,9.519600999649654,0.9750223748754137,0.0,3.354367756361804,-0.5219743638196019,1.460153667502404,1,1,1
3,1.9960739104133636,183.53880502760276,0.5969387755102041,0.25398141295269827,0,-0.7850794119988853,0,-0.9066934038312084,-0.23410475301231606,-0.1683362346264078,0.02245212980042114,137.122068581829,0,-24.337461771965444,-0.026526877551021035,-866.4074597893069,-83.9387755102041,-4.995174516565885,0,-0.040170897959185124,-0.049739795918367274,0,-1.2755102040816315,1.773040185462872,0.8816796860254374,0.21428571428571264,0.0,0.0,1.3797309048635904,1.0007348237721805,1.0108386002435517,0.9518643113830179,1.4665192037289037,0.0,0.013888888888888895,0.032249937011841784,0.0,0.0009920634920634924,0.0,-0.25480093698157913,-0.022784558862055184,-0.2391675492114724,0.0012752373813272847,-0.017251864403042726,0,2.5887808641975307,0,0,0,0.0,0.0,0.0,0.955425443355034,0.0,0.0,-0.11415293612300903,0.9132460350498004,2,0,0
4,1.7859646518108538,228.89910185838238,0.6253061224489795,0.3127982139357801,0,0.08105078722271898,0,0.23752300072822985,-0.25925311791383227,-0.026852984998605743,0.023097133774206014,155.903522027396,0,3.242031488908759,0.019136204081633176,153.92962440172408,33.959183673469354,-0.44614505472971244,0,-0.2190259395918352,-0.6547219591836729,0,-10.26612244897959,1.7584201167897917,0.893189041267285,0.11428571428571566,0.0,0.1,0.6796240844516961,1.030246911991938,1.0704280227761809,1.2941777533720364,1.610141365971808,0.0,0.6219444444444443,0.1148904006046863,0.1,0.018846801346801344,0.0033860596707818926,0.05472746373755861,0.01373228961484568,0.06896438187241008,0.009119121731709897,-0.0849593114199351,0,2.370078184051398,0,0,0,0.0,0.0,0.0,0.9777189689264242,0.0,0.0,0.0,1.3565985565117755,1,1,0
5,1.6243657506061249,211.3606469956772,0.594671201814059,0.3436303905421336,0,-0.1605393338408522,0,-0.10076950530690611,-0.08322650436057645,-0.12331863560986617,0.021283933682990853,241.169541339094,0,-7.705888024360905,0.19693443537414915,81.12492821851794,43.26530612244895,-1.5185274612817254,0,0.32492577380952314,-0.01888004535147378,0,-9.459183673469386,1.7519562691605814,0.8931569594207303,0.09523809523809579,0.0,0.041666666666666664,0.9061239604857558,0.7267532085714405,0.6815377165723837,0.9236593031381851,1.082723709952843,0.01510458116518723,1.1433333333333333,0.19475151171579744,0.041666666666666664,0.019712643678160918,0.004078115814226925,-0.09329656555518594,0.16795056048454707,0.033032123915767694,0.02116760334456141,0.12667645330445668,0,2.2550920676912742,0.7663094323935531,3,0,0.0,0.0,0.0,0.9823381882461553,13.830160186000734,0.0,0.0,1.1873278533817815,0,1,0
6,1.6818577874811251,205.72514964142914,0.5955555555555556,0.2378699893308948,0,0.12426290065246676,0,-0.13163477435305126,-0.43512503956948406,-0.09176381337262239,0.023103541460617293,126.93742635394301,0,4.22493862218387,0.02254058444444517,162.23702102138773,-90.92,-3.163521947873799,0,-0.11235015444444388,-0.03449999999999996,0,-3.724444444444444,1.7584201167081028,0.8976148007339662,0.06666666666666732,0.0,0.058823529411764705,0.5883233414421476,0.9823798607546238,1.095290165601065,1.1159132403739014,1.3062583044804652,0.0,0.5697222222222222,0.0836404006046863,0.058823529411764705,0.025896464646464643,0.005079089506172838,0.0786519221297273,0.04918485669192927,0.07794307204530745,0.012362087266054464,-0.14127548829189482,0,2.2977440791131265,0,0,0,0.0,0.0,0.0,0.9864136635272994,0.0,0.0,0.0,1.0867824958352188,0,1,0
7,1.8164626025553243,239.2337204119936,0.6060606060606061,0.3452530983862821,0,0.08466247402677592,0,0.11181860849622657,-0.4294130548339302,-0.17446841030940635,0.023097133774205934,171.778816095396,0,3.217174013017485,-0.005706703397612396,143.38091258255156,-154.3223140495868,-1.1690253325120528,0,0.010374031221304088,-0.481603305785124,0,-10.0,1.7584201167872149,0.8972379759929763,0.060606060606059664,0.0,0.05263157894736842,0.6296985400006838,0.990561642113437,0.8408088063374523,0.9918649077111242,1.2143107744887847,0.0,0.6219444444444443,0.1148904006046863,0.05263157894736842,0.018846801346801344,0.003386059670781892,0.0546161347768485,-0.0039665856752838504,0.06641057413371909,-0.08382527393310925,0.003914394977453473,0,2.291236615016377,0,0,0,0.0,0.0,0.0,0.987985462838148,0.0,0.0,0.0,1.3565985565117762,0,1,0
8,1.45891084416675,188.19058978325998,0.5948839976204641,0.25459015430262705,0,0.053256026312417916,0,0.07091412832422915,-0.05225248051938502,-0.0790052935134073,0.021079647277397855,198.83952931364098,0,2.449777210371224,0.03539419631171874,163.60870032710326,67.55978584176086,-2.393170125806946,0,-0.055195478881618326,0.02196044021415839,0,-3.622843545508628,1.7514745675972156,0.8979187596175832,0.09756097560975885,0.0,0.041666666666666664,0.7585346518485236,0.8853356791905792,1.034863004196555,0.9527334268249161,1.0683917652016404,0.01388429752066117,0.9105555555555557,0.16581632653061223,0.041666666666666664,0.020694444444444442,0.005557760141093474,0.03527647413952639,0.055707579288749795,0.06431741967752908,0.03193215754941323,-0.040365317653536154,0,2.2653544133702863,0,1,0,0.0,0.0,0.0,0.9817900086596147,4.58183494308855,0.0,0.0,0.9882091076261691,0,1,0
9,1.70125505116225,174.974866046261,0.609375,0.3388959143042219,-0.0027828569900539644,-0.14777505011041348,3.549090365142264e-05,-0.20735168175279586,-0.5961528048516352,0.1677665143059709,0.022261703840337,126.21602163873499,-0.10018285164194271,-5.3199018039748855,0.16479091015625005,-172.2223863477172,-78.125,1.0403413637402854,0.002661817773856698,0.25061277636718726,-0.8097433593750001,0.015133960540092499,-2.375,1.7730399659583425,0.8929500982039639,0.125,0.0,0.058823529411764705,1.0508968929197713,0.8939939515355142,0.861186795120073,0.8130085819945012,1.5972637156036533,0.0,0.3963888888888889,0.04309177374653565,0.058823529411764705,0.015855555555555557,0.0032793209876543217,-0.07901727867353138,0.09982476390552117,-0.06823680209446248,-0.0566070383641783,0.07287011996137183,0,2.4333024691358025,0,0,0,4.417150937053347,0.0,15.782763995288711,0.975,0.0,0.0,-0.13162826138685912,1.0016009747038443,1,1,0
10,1.6874603812122502,189.75907108190262,0.6159169550173009,0.20581115525367738,-0.0005965332960648805,-0.08005398296528284,-6.18571807909538e-05,-0.09556495721290878,-0.054757494203860994,0.23643267737637513,0.023103541460617293,139.897681312433,-0.02266826525046546,-3.0420513526807476,0.08869964878892718,-100.84701650234378,41.837370242214526,-2.26294809055713,-0.00488671728248535,-0.06736926730103808,0.017145674740484604,-0.0027320018232202523,-2.1660899653979238,1.7584200270032697,0.8890987902525039,0.17647058823529438,0.0,0.1111111111111111,1.009606801022748,1.0268218125170627,0.9348306126607558,1.0015860188332757,1.3602700047636231,0.0,0.5697222222222222,0.0836404006046863,0.1111111111111111,0.025896464646464643,0.005079089506172838,-0.04338121293482031,0.14312280150312823,-0.03669718910386982,-0.08774563917344064,-0.052288388550148154,0,2.4277919501133787,0,0,0,0.0,0.0,9.519600999649654,0.9653126531353842,0.0,0.0,-0.13245616199154586,1.0867824958352188,1,1,0
11,1.8357308273604738,221.94896494340279,0.6253061224489795,0.22318972033257747,0,0.1325590088227175,0,0.06881256428380145,0.21720882292310853,-0.7077109768416182,0.0238291664874933,163.095400053943,0,5.302360352908701,0.028430889795919075,207.5317750738458,-51.95591836734695,-3.4233049886621334,0,-0.005524084897958508,-0.08095346938775497,0,-8.104489795918367,1.758420116763206,0.893189041267285,0.11428571428571566,0.0,0.1,0.5950419412777896,0.9243980289894337,0.8574573533368625,1.205143236371176,1.8727447186186437,0.02694214876033059,0.6425000000000001,0.13302311665406902,0.1,0.022155172413793108,0.005390946502057613,0.08197099225279203,0.053051418009319284,0.08219956262177168,0.08334515121240856,-0.00580722337905429,0,2.4455556080456873,0,0,0,0.0,0.0,0.0,0.9777189689264242,0.0,0.0,0.0,1.497574518283213,1,1,0
12,1.5834133624087947,186.07495435144736,0.5913682277318643,0.32155448990465824,0,-0.02786262734820537,0,-0.03183829563186877,-0.15149426809891092,0.12421486429382823,0.021201622705082773,113.567937403339,0,-1.0309172118835987,0.0258450247933875,111.5044009081018,-66.11570247933884,-1.172658827330545,0,0.1705553057851224,-0.22699944903581265,0,-2.21487603305785,1.758420025152638,0.8913056533651595,0.12121212121211844,0.0,0.1111111111111111,0.8709312966471155,0.9419884360456918,0.9663773796740193,1.277635030320124,1.4557045828120436,0.0,0.4827777777777777,0.0836404006046863,0.1111111111111111,0.020115740740740736,0.005079089506172838,-0.016384763668466848,0.0309972098974488,0.054782345093891134,-0.014084667183754071,0.10091398259583646,0,2.241969954648526,0.25,2,0,0.0,0.0,0.0,0.9759709256762963,9.440586734693877,0.0,0.0,0.920818843204992,1,1,0
13,1.756876177528711,182.98502555225375,0.6425094645754462,0.21108182527017538,0,-0.051688856128422035,0,0.08671935810958582,-0.4447141154011482,-0.4973581787419219,0.023484104785642376,271.308852798188,0,-2.5327539502926797,0.12797559491617067,-78.41214842780334,-55.97674418604658,0.4508879992060214,0,-0.08600933964305053,-0.2566351541373713,0,-2.802595997836666,1.7584200296816326,0.8950106296046163,0.13953488372093048,0.0,0.08333333333333333,0.9032749848031316,0.9378178294102522,0.692851866887083,1.0163615252792781,1.1350451061836502,0.02694214876033059,0.8472222222222221,0.12345679012345678,0.08333333333333333,0.01841787439613526,0.005390946502057614,-0.029030044065437802,0.1583767373850658,-0.023007036928637682,-0.09484579910663513,-0.04784972325885229,0,2.6042202853363565,0,0,0,0.0,0.0,0.0,0.9742852790955293,0.0,0.0,-0.21777283495702804,1.5173377443309237,1,1,0
14,1.7262643548604735,198.34358567465077,0.6230394808004326,0.3405963702620554,-0.0015976640757079,-0.2984185771906994,7.5158814927270275e-06,-0.07209105071006691,-0.5376309880251892,-0.2781165066760401,0.022645386757583718,235.838698757886,-0.0782855397096871,-14.622510282344273,0.3738217809626819,-210.0455386944882,56.86479177934012,0.4821250651929889,0.0008267469641999731,0.0916311703623576,-0.18038880475932834,-0.03972330841163004,-10.862628447809625,1.7584200296670032,0.891411905480481,0.13953488372093048,9.519600999649654,0.08695652173913043,1.1366667178089283,0.7986319521437373,0.8903718811024653,1.05081878121617,1.1635174205990828,0.035104581165187235,1.034722222222222,0.15192743764172334,0.08695652173913043,0.02028867102396514,0.00627314814814815,-0.1496308724685635,0.24686899566099,-0.06844052496591153,0.004644097586874389,0.02695557351801457,0,2.3797242693373644,0.8772053214638599,3,0,0.0,4.9839785209472085,26.764489062464527,0.9742852790955293,14.453685437137816,0.0,-0.5822058453010834,1.2639778592023085,1,1,0
15,1.50332997268486,185.11273794044328,0.6275,0.20403177869227251,-7.94144273295232e-05,-0.05580435513374339,0.0001920757009870638,-0.03966466923621159,0.04254913076341648,0.12082979167618978,0.022134753200280688,229.70323579273503,-0.003573649229828544,-2.5111959810184525,0.09747330312499966,-79.25217407328014,-18.10250000000001,-0.57558641975309,0.019975872902654634,0.02190546500000007,0.03327449999999869,0.0020946209641903354,-5.367499999999999,1.7584200251525153,0.8945868015768647,0.14999999999999858,9.519600999649654,0.09090909090909091,0.9700470170436742,0.9880530086053257,1.1006665530310018,1.0478634298296234,1.1183167159760683,0.0,0.6252777777777777,0.1148904006046863,0.09090909090909091,0.016899399399399394,0.003386059670781892,-0.031863921671061016,0.14709976738619004,-0.025520308275123412,-0.12114180918071407,0.01430401489241954,0,2.4757013731418493,0,0,0,0.0,0.0,9.519600999649654,0.9718147262936341,0.0,0.0,-0.39089254220206593,1.133693569082531,1,1,0
16,1.5350464431436202,170.73952586656196,0.65,0.29892286236854143,-0.00263543006491354,-0.13144462207616314,0.0005368091830532302,-0.03409254401692077,-0.47481481481481475,-0.20550945580335295,0.02322809126491427,327.182304768735,-0.15021951370007178,-7.492343458341299,0.2245213487999999,-344.790642971426,-22.84000000000007,-2.8431885383325697,0.07246923971218608,0.2217498639999998,-0.0464019999999995,-0.10598996402288638,-4.6100000000000065,1.7584200296670969,0.9012238747180573,0.11999999999999744,9.519600999649654,0.037037037037037035,1.1370706313370715,0.6975027176924155,0.5781577264716092,0.803322000684894,1.1433181105302521,0.035104581165187235,1.3152777777777773,0.18317743764172334,0.037037037037037035,0.019631011608623548,0.004797113289760351,-0.06504717121033667,0.09561240156144053,-0.08278903077717435,-0.018254533698415953,0.03987135853121881,3.433372622197027,2.5325926450827243,0,0,1,9.401129458000556,0.0,31.565527990577422,0.9787379415837335,0.0,3.433372622197027,-0.8382077742628191,1.457210730046888,1,1,1
17,1.3516489299196974,164.82586510823072,0.6159169550173009,0.28585159554017686,-0.0026338046920223466,0.04809339310385226,0.0005083055486236798,-0.06167197584495472,-0.12857142857142856,-0.542726955905381,0.021419866220056615,124.222413425339,-0.10008457829684916,1.8275489379463858,0.03871822837370292,124.05794570028664,9.0,-0.8481353325643972,0.04066444388989439,-0.08742272664359793,-0.1605190311418675,-0.08311102154966979,-5.660899653979239,1.7584200296866448,0.8890987902525039,0.17647058823529438,0.0,0.15789473684210525,0.8296193396597933,0.8639941218959376,0.8301187892496743,0.997406691324815,1.2290761254936116,0.0,0.4133333333333332,0.0,0.15789473684210525,0.017222222222222215,0.0,0.03564243869695965,0.031190491179055875,0.061159884008002395,-0.03600753858543592,-0.03345220073104167,0,2.379583333333333,0,0,0,4.417150937053347,0.0,6.263162995639057,0.9653126531353842,0.0,0.0,0.0,1.0206482356253996,1,1,0
18,1.3259715984129623,163.39842060074025,0.6127305175490779,0.2724133041122977,-0.0021789103530116755,-0.05244778601546649,0.00036982199426605067,-0.135086711014913,-0.048346790699400344,-0.22945305756662854,0.021922833168493767,200.151340642433,-0.10022987623853707,-2.4125981567114585,0.10688068530636438,-87.51971212631177,26.255205234979144,-1.9239738749724473,0.03846148740366927,0.062047776323617694,0.17976264128494937,-0.08967849130889421,-4.628197501487206,1.7514767466798176,0.9017812810176133,0.09756097560975885,9.519600999649654,0.045454545454545456,1.0802646230523507,0.9004284134490171,0.9371580504710644,0.9791042367241649,1.062207626261997,0.01510458116518723,0.8405555555555555,0.11211104812295286,0.045454545454545456,0.02211988304093567,0.003958333333333334,-0.027614532562719597,0.09203813154810936,-0.029186954441668782,-0.03387155168611972,0.023633023017305865,3.335587285840262,2.45696554547745,0.14285714285714285,1,1,4.9839785209472085,4.9839785209472085,15.036301717265916,0.9817900086596147,4.590249669312169,3.335587285840262,-0.46757078294280663,1.0671406408022592,1,1,1
19,1.7759048543607807,191.70055281384396,0.6425094645754462,0.22772741833122598,0,-0.2507564355255675,0,0.1503373665441673,-0.25686811927656733,-0.05712082975262921,0.022860521363212462,378.33326868333904,0,-12.287065340752806,0.1718712877230934,-433.3948800065181,-197.83720930232556,0.07097126076214791,0,-0.07238242130881581,-0.03274743104380763,0,-5.220659816116818,1.7584200296740713,0.8950106296046163,0.13953488372093048,9.519600999649654,0.043478260869565216,1.0835470170199657,0.8930490574257285,0.8667114842320668,1.1062481441709464,1.1562781822839512,0.0,0.9477777777777776,0.1148904006046863,0.043478260869565216,0.018226495726495727,0.003386059670781892,-0.11899543643077883,0.151303852608458,-0.10889432708818879,-0.06667172848932273,-0.02812890742287503,0,2.623386952003023,0,0,0,0.0,0.0,0.0,0.9742852790955293,0.0,0.0,-0.617480963578847,1.3389409317786773,1,1,0
20,1.6188139791079301,182.55907213438016,0.6488888888888888,0.3080804077969145,-0.0017927831940288855,-0.3914150496650001,0.00037363542027325054,0.1526166683129537,-0.106422619413222,0.24097921135115707,0.022860521363212462,390.089231429339,-0.09143194289547316,-19.962167532915007,0.22804712296296276,-717.2424118591437,-20.910617283950575,-2.2170551575809925,0.04446261501251681,-0.2167503427160495,0.8666131358024687,-0.014379213433914382,-7.071111111111112,1.7584200296733505,0.8924924610365448,0.17777777777777803,9.519600999649654,0.043478260869565216,1.2780308570177696,0.7300242831814819,0.6568469173486998,0.8940754377195691,1.3044339181494649,0.0,0.9477777777777776,0.1148904006046863,0.043478260869565216,0.018226495726495723,0.003386059670781892,-0.1668796938127761,0.09776922429308313,-0.1584730622472769,-0.03201377966836362,-0.039825439704751234,0,2.597861000881834,0,0,0,4.417150937053347,0.0,41.085128990227076,0.9676288176942331,0.0,0.0,-0.995407804582739,1.3389409317786773,1,1,0
21,1.8690116671195618,233.13548681529724,0.6086956521739131,0.2983845808018339,0,-0.07824280124288596,0,0.12722529812783687,0.013281227136859641,-0.05253177904560379,0.022502213412885698,300.979716219094,0,-4.146868465872956,0.20978341965973518,125.68902694517377,-45.00189035916823,1.4957065395665918,0,0.14070882986767472,0.05153686200378116,0,-11.0,1.7519621619523076,0.8962290635076556,0.08695652173913082,0.0,0.037037037037037035,0.8002125101795758,0.7266264395178662,0.6821073156517657,0.9396499155389635,1.0757965279638966,0.050209162330374466,1.428055555555555,0.3146967120181406,0.037037037037037035,0.021000816993464053,0.003950617283950619,-0.04881201621218589,0.20521754042191112,0.04561945763584127,0.020529316028564643,0.06130467259034892,0,2.280962216995767,0.4999999999999999,2,0,0.0,0.0,0.0,0.9842571654973877,9.308466170240159,0.0,0.0,1.4087340945701676,0,1,0
22,1.4047125650426115,160.63502087276913,0.6528258362168395,0.22127628916011988,-0.0025656249952489994,0.06628778598153869,0.00017628619988346495,0.03775853128277874,-0.4814619614488255,0.06966285544462256,0.023228091264914326,306.366813807886,-0.14880624972444195,3.8446915869292435,0.06850733717800458,30.784758412458814,-42.64705882352941,-1.4836347280872437,0.0241512093840347,-0.00048598077662875827,0.13289634755863144,-0.19743930323886527,-3.193771626297579,1.7584200296675367,0.9032531216658161,0.11764705882353077,0.0,0.07142857142857142,0.9980349289288124,0.7071386995038033,0.5093892418139585,0.7786712079869409,1.0794167911228858,0.035104581165187235,1.3152777777777775,0.18317743764172334,0.07142857142857142,0.019631011608623544,0.004797113289760351,0.037141671956972835,0.0551366604685823,0.008422500123860536,0.017583885527947322,-0.00016558839171053775,3.444881109851348,2.574975434618292,0.14285714285714285,0,2,9.967957041894417,0.0,9.519600999649654,0.9792598312483666,0.0,6.803651077140886,-0.3106589523669552,1.4572107300468877,1,1,2
23,1.61816433546678,204.48711554539253,0.6204986149584488,0.20595160571723867,0,0.11875014489819978,0,0.05544326353234,-0.12749889271745904,0.22630432995752478,0.022134753200280688,187.68197581333897,0,5.1062562306225905,0.030877007617728526,198.37765906218274,45.73961218836564,-2.3037220141810035,0,0.04078215443213294,-0.1789795013850409,0,-5.551246537396122,1.7519599008042208,0.8886353811960608,0.15789473684210353,0.0,0.09090909090909091,0.6420565571119964,0.8585859715697804,0.8742000297942916,0.9859220669955208,1.6218136189457666,0.004691358024691353,0.7924999999999999,0.10605631141345426,0.09090909090909091,0.021418918918918915,0.004376102292768958,0.08142426646227086,0.07288875135995138,0.07965932519541596,0.019315617658274553,0.045490690990984045,0,2.502361111111111,0,0,0,0.0,0.0,0.0,0.9699129348799834,0.0,0.0,0.0,1.2475762386805676,1,1,0
24,1.5565487589943958,192.4637705775466,0.6222222222222222,0.3566095954207523,-0.0022926593933972504,-0.12881282852074258,0.0004085519720782863,0.037115785263817064,-0.20749417807126677,-0.027458928947696026,0.02322809126491427,257.47033006933896,-0.11921828845665702,-6.698267083078615,0.18561027160493815,86.78985244068173,-63.91160493827161,1.0874966553201624,0.04984334059355093,0.044262987654320865,0.6637143703703696,-0.051700916518204854,-5.0,1.758420029666081,0.8971494892345024,0.08888888888888946,0.0,0.07692307692307693,0.8812173838480736,0.6402733032442056,0.5181572506140082,0.733464876212437,1.153271390705131,0.035104581165187235,1.3152777777777773,0.18317743764172334,0.07692307692307693,0.019631011608623548,0.004797113289760351,-0.082947083623206,0.0975354834454564,0.034022715608002574,-0.018872704057726522,0.009913907720937159,0,2.3877372553959852,0.4999999999999999,2,0,4.417150937053347,0.0,24.254513336476727,0.9838144088471165,9.256769505463136,0.0,0.0,1.457210730046888,1,1,0
25,2.011835454747524,233.768822597287,0.5991836734693876,0.2895009938131632,0,0.07567558746468014,0,-0.01203367039123812,0.21450365331317706,-0.2536832237921267,0.02283628455051434,165.67147929909402,0,3.027023498587206,0.0180536163265304,156.6500263670764,-122.86693877551018,-0.9958464208728754,0,0.06848182530612208,0.11252685714285687,0,-4.194285714285713,1.7584196929604325,0.8987011697767168,0.05714285714285783,0.0,0.05,0.6734111413457766,1.0078215459604971,0.9743016359988351,1.3835858216164993,1.0510723288512196,0.035104581165187235,0.7505555555555558,0.15192743764172334,0.05,0.02421146953405018,0.006273148148148149,0.04547481921291519,0.024581484063773987,0.06829090312477479,-0.032926844477824936,0.04907559988255658,0,2.2086085204411323,0,1,0,0.0,0.0,0.0,0.988859484463212,4.787516166960611,0.0,0.0,1.3316108656529866,0,1,0
26,1.408434379104463,182.51202519120764,0.6048652202498355,0.29870191800391244,0,0.06763309751776195,0,0.010804691679414596,-0.22780057032423542,0.018840632012166365,0.02124936307226946,188.895795774792,0,2.975856290781526,0.03270790269559609,154.07602676871565,52.07429322813936,-4.4650926128846375,0,0.14325394608810038,-0.3934603550295863,0,-5.40631163708087,1.7515406840994754,0.9053441451386817,0.05128205128205199,0.0,0.043478260869565216,0.7180317544030368,0.7032982665435382,0.5438708776923872,0.8203428633539733,1.6529052348539148,0.01510458116518723,0.7958333333333333,0.10910336356764927,0.043478260869565216,0.018507751937984495,0.0026423961840628513,0.04756907450394227,0.024085257222487225,0.0636464833465328,0.030410658622482725,0.04885783931286081,0,2.2347808536995046,0,0,0,0.0,0.0,0.0,0.9902974174606732,0.0,0.0,0.0,1.0995129528129408,0,1,0
27,1.3381183239745704,164.97165903877493,0.626405664306539,0.17985561571567402,-0.0001711827600928247,0.09935701376152323,0.00019598121796727397,0.031842279601180606,-0.5575445538043359,-0.1007306997472396,0.021283933682990912,258.856879633037,-0.009415051805105358,5.464635756883777,0.02370612244897748,225.03364941863043,5.445647646813826,-1.794483779906519,0.02567353955371289,0.018095673469385558,-0.47237817576009905,-0.012309226597134465,-5.631820074968761,1.7519115744623606,0.8888149878793884,0.204081632653061,0.0,0.10344827586206896,0.7373040752351098,0.8169818602856042,0.8921379310344828,0.7639715869082938,1.107168784029038,0.01510458116518723,1.2888888888888885,0.17260330057949105,0.10344827586206896,0.021481481481481483,0.00281224279835391,0.07523510971787042,0.07523510971786172,0.07523510971786795,0.010283802907500342,0.024111608317975514,0,2.4684419879062736,0,0,0,0.0,0.0,0.0,0.9636523278461202,0.0,0.0,0.0,1.12089629611626,1,0,0
28,1.7186824057879198,219.76858408276775,0.5990304709141274,0.2683041244409486,0,0.06213549532062262,0,0.13546752194933878,0.21437691043723672,-0.19580789362561146,0.021922833168493767,194.231705938792,0,2.6718262987867725,0.03022581371191137,157.1647550598488,-35.34626038781167,-0.3055603053551141,0,-0.032696247922437666,0.16841897506925319,0,-6.109418282548477,1.7514746063838353,0.902762379376334,0.052631578947365476,0.0,0.045454545454545456,0.7176644011920295,0.9077494056555229,1.0126350927675445,1.0047007284531897,1.1764006473907294,0.01388429752066117,0.8933333333333334,0.1585254472159234,0.045454545454545456,0.022333333333333337,0.005155606995884775,0.03991523030734503,0.04489683514301462,0.06606639896888164,-0.0008370421376891819,-0.023203932341000606,0,2.269984042999916,0,1,0,0.0,0.0,0.0,0.9899709782933283,4.572093430742871,0.0,0.0,1.0972314254573778,0,1,0
29,1.481841028140092,175.8649160306363,0.6230394808004326,0.3405963702620554,-0.0017223314292440846,-0.2984185771906995,-7.242148203073036e-05,0.0005502204308396198,-0.46589264286573195,-0.12642173916504976,0.022645386757583718,239.547402573339,-0.08439424003296014,-14.622510282344274,0.373821780962682,-210.0455386944882,56.86479177934012,0.8154583985263224,-0.00796636302338034,0.01458949594375332,0.10892228231476452,-0.05395901614354605,-0.41373715521903365,1.7584200296711345,0.891411905480481,0.13953488372093048,9.519600999649654,0.08695652173913043,1.136666717808928,0.8079045023891102,0.9111395761785892,0.9909533576485223,1.045266648994025,0.035104581165187235,1.034722222222222,0.15192743764172334,0.08695652173913043,0.020288671023965144,0.00627314814814815,-0.14963087246856352,0.24686899566099,-0.06844052496591153,-0.007588175767122702,0.004291860825824112,0,2.4634716973209034,0.7663094323935531,3,0,0.0,4.9839785209472085,26.764489062464527,0.9742852790955293,14.134104397753386,0.0,-0.546410304862686,1.2639778592023083,1,1,0
30,1.6170800672054444,201.18568891449752,0.6230394808004326,0.31734649137449444,-0.0017250196632618928,-0.17839853667715735,-0.000477076569047224,-0.03756138287226345,-0.21086741438958853,-0.07704482695473427,0.022645386757583718,206.044367613339,-0.08452596349983275,-8.741528297180711,0.21820863656030298,81.69979867957676,31.432666306111393,1.557863925259713,-0.05247842259519464,-0.1275236863169278,0.16484602487831246,-0.010357636676712464,-8.463493780421846,1.7584200251509998,0.891411905480481,0.13953488372093048,0.0,0.125,0.9784687771833531,0.760967649932906,0.7312096436345571,0.8669808523850998,1.2009680475629487,0.035104581165187235,0.9827777777777778,0.18317743764172334,0.125,0.019270152505446624,0.00479711328976035,-0.10965337279005191,0.1935961956102249,0.03305201710860953,0.005238648510428342,-0.05039867701453387,0,2.370303760393046,0.7663094323935531,3,0,0.0,4.9839785209472085,17.422115340047075,0.9742852790955293,13.998690093142653,0.0,0.0,1.2431345549841917,1,1,0
31,1.2953438941289166,158.1526245062072,0.6010802469135803,0.25947832755658673,-0.000775819557024777,-0.11951599109819226,2.0042423385254436e-05,-0.20084468126663524,-0.13291696110626156,-0.05916099175710705,0.021201622705082773,146.119339962131,-0.03103278228099108,-4.780639643927691,0.11168504938271615,-115.84837967090655,41.27777777777773,-1.5356695874988966,0.0017637332579023904,-0.0004140246913581086,-0.1840560185185184,-0.012264265154119894,-1.9907407407407405,1.7584200251544753,0.8910982889025998,0.16666666666666696,9.519600999649654,0.10526315789473684,1.102974182075715,1.0572302941871206,1.2718642040997796,1.1585839549397436,1.4807316229623106,0.0,0.4827777777777777,0.0836404006046863,0.10526315789473684,0.020115740740740736,0.005079089506172838,-0.06337180112830615,0.1328461835659975,-0.041924005430824224,-0.13233297887846615,-0.00022385025998233787,0,2.338596308893928,0,1,0,0.0,4.9839785209472085,15.213528994498116,0.9677622660637881,4.769473733938019,0.0,-0.3913246409674982,0.920818843204992,1,1,0
32,1.7210016537805328,180.64898967037553,0.6264056643065391,0.2136510399536951,-0.0004016224769822848,-0.1733064212104535,-2.883392694587352e-05,-0.01691377500291853,-0.4479465562337635,-0.39186149749789584,0.021864511352149736,326.790416127282,-0.022089236234025665,-9.531853166574942,0.10081500708038293,-331.3643272156846,-7.4489795918367,-1.083415238570066,-0.003777244429909431,-0.22785280799666816,-0.27911037067888383,-0.01775926759473532,-0.9316951270304017,1.7515384567792036,0.9022249511415966,0.12244897959183643,9.519600999649654,0.037037037037037035,1.1230471631425603,0.8752830865721831,0.945513137059307,1.0041667208977947,1.1868085937361528,0.03234567901234568,1.0938888888888885,0.19501921138825898,0.037037037037037035,0.020257201646090538,0.006416152263374488,-0.0892812258487975,0.1073078954286963,-0.07878154168631735,-0.025392707738937273,-0.1018244965140955,0,2.5899697656840512,0,0,0,0.0,0.0,19.03920199929931,0.9781913967076722,0.0,0.0,-0.7084324959407633,1.18541043907047,1,1,0
33,1.6115673827912256,174.13386307213017,0.6461776859504131,0.31561411203316364,-0.003974258735162645,-0.15981676047903615,0.00038470642646398187,-0.054218900619803424,-0.8297178130511463,-0.19293985126726573,0.023484104785642376,236.452157895886,-0.19871293675813223,-7.990838023951807,0.22071569834710753,-367.7169395288836,-3.0,0.021816241980853912,0.042702413337501986,0.0705063285123972,-0.8796536673553712,-0.09287721728622322,-5.730888429752063,1.7584200296777022,0.8975389870260324,0.1363636363636358,9.519600999649654,0.043478260869565216,1.176642481138202,0.9664824851737083,1.0371581517459947,1.1262696059431725,1.2769833174749583,0.02694214876033059,0.8472222222222221,0.12345679012345678,0.043478260869565216,0.01841787439613526,0.005390946502057614,-0.07506015552047651,0.09576880274695317,-0.09651293739277071,-0.059226639456567316,0.0137805312573135,3.3743638983371125,2.480612297388091,0,0,1,9.401129458000556,0.0,19.03920199929931,0.9750223748754137,0.0,3.3743638983371125,-0.7612475827788181,1.5173377443309237,1,1,1
34,1.4206982860670105,182.40711173013835,0.6220009053870531,0.23932397766711924,-0.0017894079545128303,0.07389085488887456,0.00019538237667576517,-0.1882054463242361,-0.5742583003014277,-0.05663954299876215,0.021864511352149736,216.554810257584,-0.09483862158918001,3.9162153091103518,-0.005787190583974561,198.70730973274905,-5.474422815753734,-2.9020044263367035,0.02422741470779488,0.14828140878225438,-0.7453222272521497,0.015420601495696004,-6.818469895880487,1.7515431761484934,0.9048851482370647,0.0851063829787213,0.0,0.07407407407407407,0.8532818763031186,0.7913033559313513,0.6883486465698946,0.8661858974358978,1.44180889336375,0.03234567901234568,1.0419444444444443,0.22626921138825898,0.07407407407407407,0.019295267489711936,0.005065383365821963,0.04995872101469083,-0.006811694006807834,0.07241482600472308,0.026393694111222485,0.07459818028134614,3.3613889676240865,2.3396745086923656,0.19999999999999996,1,1,4.9839785209472085,4.9839785209472085,5.516700717616262,0.9846781849653883,5.028326719576719,3.3613889676240865,0.0,1.1645671348523534,1,1,1
35,1.4706372341953775,169.0146589115788,0.6425094645754462,0.19345875982346147,0,0.12114032079102005,0,0.02361410409771177,-0.40842055341277356,-0.31633541846979724,0.023484104785642376,228.39803181818797,0,5.935875718759982,0.03489799621416938,232.43849414683982,19.9302325581395,-0.2816577343924451,0,-0.00576320443483005,-0.15693499188750648,0,-2.802595997836665,1.7584200296816286,0.8950106296046163,0.13953488372093048,0.0,0.12,0.6466172260235958,0.9645589910921479,0.8497370364995711,0.9811985506788056,1.0614684851690965,0.02694214876033059,0.8472222222222221,0.12345679012345678,0.12,0.018417874396135257,0.005390946502057613,0.08393119098687786,0.07577240840650125,0.08245941940101971,-0.09154336231901126,-0.005625280818238385,0,2.5021705194423447,0,0,0,0.0,0.0,0.0,0.9742852790955293,0.0,0.0,0.0,1.517337744330923,1,1,0
36,1.616251922904083,210.69230550182328,0.609375,0.31760510103202166,0,0.06934813528264108,0,0.029391153402809914,-0.5813137755102041,-0.31250323863614027,0.022261703840337,111.65488825794299,0,2.496532870175079,0.02645999999999982,136.12204366807669,85.7421875,-0.7367033781828713,0,-0.23009700000000022,-0.9390652343749994,0,-9.1875,1.7584201167191171,0.8929500982039639,0.125,0.0,0.1111111111111111,0.73941885928742,1.1179899597437495,1.113431783647191,1.2581595000214436,1.6610309462567032,0.0,0.4830555555555557,0.06049225245653818,0.1111111111111111,0.02100241545893719,0.0010931069958847739,0.0468947049613129,0.020158249112076993,0.06667009114236248,-0.04599359065505092,-0.09708744418506783,0,2.331281887755102,0,0,0,0.0,0.0,0.0,0.975,0.0,0.0,0.0,1.1218004482457145,1,1,0
37,1.3883624291798666,177.9997753136031,0.5849609375,0.38005084755979945,0,-0.01018706300772449,0,-0.19970843160552101,-0.2644874500726216,-0.3842266995685971,0.020399872590530027,130.576204350245,0,-0.36673426827808164,0.003571640625000396,95.76856325640557,31.75,-4.990068600501544,0,0.2037934062499999,-0.2501777343749996,0,-2.705078125,1.7517356449508505,0.8990590085703201,0.0625,0.0,0.05555555555555555,0.8232456501704141,0.7417134242483889,0.5981872225866605,0.7982837893835241,1.6484548109904584,0.0,0.5666666666666669,0.026234567901234573,0.05555555555555555,0.018279569892473122,0.0,-0.006410133821225195,0.0023383345981732875,0.04941308767836786,-0.014947560681067866,0.06671124319988186,0,2.213111615016377,0,1,0,0.0,0.0,0.0,0.9875,4.304297682035777,0.0,0.0,0.9509096278601107,0,1,0
38,1.4394488320085466,172.4341766545248,0.6230394808004326,0.3405963702620554,-0.001971197862425356,-0.12747966055072604,0.00017283652540899352,-0.2268632791941312,-0.48012822286002993,-0.04909043308652913,0.022645386757583656,231.906976598735,-0.09658869525884244,-6.246503366985577,0.1851121909140076,-161.22187577374407,-50.52623039480807,-1.7362936040844477,0.01953052737121627,0.059244149810708115,0.15357355327203798,-0.010612755709789014,0.5813953488372139,1.7584200296660373,0.8992543751869694,0.09302325581395365,9.519600999649654,0.041666666666666664,1.0177743929942635,0.7924843219565398,0.6981050563110148,0.9011125858114071,1.23509677683707,0.035104581165187235,1.034722222222222,0.15192743764172334,0.041666666666666664,0.02028867102396514,0.006273148148148149,-0.0707851227524232,0.09268577277836847,-0.05203111912308092,-0.049489463297750454,0.01286296720272639,0,2.4236645985554714,0,1,0,4.417150937053347,4.9839785209472085,27.562627708544028,0.9828568527303528,4.876446601788864,0.0,-0.5434326971529355,1.2639778592023088,1,1,0
39,1.7345560444027242,184.06619719233683,0.6377551020408163,0.24382999020875437,0,0.022797706952475714,0,0.16862174347175155,-0.4066434220044051,-0.5358833075423515,0.023484104785642376,271.400457983943,0,1.0942899337188343,0.11294363265306133,-57.87829545388871,-13.866213151927425,-2.3106545722490592,0,-0.04938434693877514,-0.3449358843537408,0,-5.341836734693877,1.7584201199024685,0.9004590764886373,0.09523809523809579,0.0,0.043478260869565216,0.9125815791437473,0.8183812733444995,0.6201532746894657,1.0907694544164246,1.1058898876819903,0.02694214876033059,0.8472222222222221,0.12345679012345678,0.043478260869565216,0.01841787439613526,0.005390946502057614,0.011646634488566898,0.10077055997616488,-0.017132193641835155,0.02701570847457069,-0.021363247781717085,3.339226907009871,2.5975592876039304,0,0,1,0.0,0.0,0.0,0.9823381882461553,0.0,3.339226907009871,-0.22124505717925036,1.5173377443309237,1,1,1
40,1.4715286883018774,180.17626402900808,0.6253061224489795,0.3065440497186529,-0.002079351852507989,0.07216410291475871,-0.00018800816519126212,-0.02179805660820805,-0.28580498866213144,-0.04056947068815455,0.023097133774205934,154.59025560448998,-0.08317407410031954,2.8865641165903484,0.020779200000000296,138.96103812898096,4.878367346938743,-3.03949749447104,-0.015416669545683494,0.08350808000000004,-0.17962285714285714,0.02342155624188095,-5.382857142857143,1.7584200296836177,0.893189041267285,0.11428571428571566,0.0,0.1,0.6881029972662596,0.7059812914267138,0.5335293518754037,0.795528996544534,1.2501237366346796,0.004691358024691353,0.6705555555555553,0.053665910808767946,0.1,0.019158730158730156,0.00343878600823045,0.05114046157574737,0.015273284076128579,0.0654380965217288,0.0021743602318160873,0.02994182335459413,0,2.388169879062736,0,0,0,4.417150937053347,0.0,17.226245907747213,0.9777189689264242,0.0,0.0,0.0,1.3565985565117764,1,1,0
41,1.6762803354667801,208.0283478523053,0.6204986149584488,0.2113599056119832,0,0.12596775489944792,0,0.0719956912885053,-0.09664595568701156,0.2523708550370618,0.022134753200280688,194.073685723339,0,5.416613460676261,0.031937783933517844,213.11741536242323,-56.37673130193909,-2.3241125474504987,0,0.04774598337950124,-0.205321883656508,0,-5.551246537396122,1.7519599008042208,0.8886353811960608,0.15789473684210353,0.0,0.09090909090909091,0.636924568300265,0.8520766898808282,0.8535071538501193,0.9890181289899149,1.6479363418058952,0.004691358024691353,0.7924999999999999,0.10605631141345426,0.09090909090909091,0.021418918918918915,0.004376102292768958,0.08275455182835101,0.06941336538861645,0.08200173560003836,0.024998820190252728,0.04903455386319553,0,2.5185648148148148,0,0,0,0.0,0.0,0.0,0.9699129348799834,0.0,0.0,0.0,1.2475762386805676,1,1,0
42,1.326173066877438,167.09769211708854,0.6220009053870531,0.2393239776671193,-0.001535656302925119,0.07389085488887455,0.0002572166527267696,-0.08032572399435628,-0.4188924098385393,-0.02513565266169856,0.021283933682990912,241.162997453037,-0.0813897840550313,3.9162153091103513,-0.005787190583974554,198.70730973274908,-10.474422815753734,-3.4989311402846948,0.03240929824357297,0.1257751253961068,0.07538936170212653,-0.053111211240095886,-7.224988682661834,1.7515403462212085,0.8978450395596579,0.1276595744680833,0.0,0.07407407407407407,0.8532818763031186,0.7485826839546893,0.6134280843689365,0.6811381165889366,1.132563219790479,0.019795939189878584,1.1911111111111108,0.1345269589317208,0.07407407407407407,0.019851851851851853,0.0037505144032921804,0.049958721014690816,-0.006811694006807826,0.07241482600472311,-0.020632816345300592,0.06227122785025214,3.3800741685563116,2.4226129062736206,0.16666666666666669,1,1,4.9839785209472085,4.9839785209472085,0.0,0.9770172774480821,4.491917457575827,3.3800741685563116,0.0,1.1208962961162603,1,1,1
43,1.580607898361678,193.21332461795762,0.5990304709141274,0.2683041244409486,0,0.06213549532062262,0,0.045054453862753224,-0.39544801663915236,0.1531205393210222,0.02124936307226946,183.52278361909399,0,2.6718262987867725,0.03022581371191138,157.1647550598488,14.653739612188346,-2.669676614646862,0,0.18077484764542923,-0.4288412742382267,0,-6.000692520775623,1.7519641865483448,0.8936168350146791,0.1052631578947345,0.0,0.045454545454545456,0.7176644011920295,0.884492364325334,0.7904261825524047,1.0239709718771668,1.209825032476219,0.0,0.7505555555555555,0.11415816326530612,0.045454545454545456,0.01830623306233062,0.0033860596707818926,0.03991523030734503,0.04489683514301463,0.06606639896888164,0.040029669093706984,0.13120836210121517,0,2.2628801335348956,0,1,0,0.0,0.0,0.0,0.9799419565866558,4.873618276014109,0.0,0.0,1.0778868674801203,0,1,0
44,1.5836558623338266,198.6940210345147,0.6167800453514739,0.29693516924373775,0,0.07651337639778262,0,0.1342113428811023,-0.18136623648087496,0.040251353324851906,0.022044074171669096,235.021637505094,0,3.6726420670935656,0.027406741496598296,171.22238621648296,3.469387755102062,-4.068566838601009,0,0.19145258276643945,-0.21814149659863905,0,-8.306122448979593,1.7519642789022563,0.8967627285121519,0.09523809523809579,0.0,0.04,0.6706747616420838,0.6569921223456708,0.5253620230574462,0.8631680920713555,0.9650753488337878,0.0,0.9205555555555556,0.17812263794406652,0.04,0.017047325102880657,0.0041503772290809315,0.053786704564613465,0.01905131448594462,0.06578710741327766,0.06780960653034916,0.06142379851854212,0,2.2728286932056774,0,0,0,0.0,0.0,0.0,0.9823381882461553,0.0,0.0,0.0,1.3051789835795395,0,1,0
45,1.4436346722839268,173.90294608323836,0.5960207612456747,0.28782938324607654,0,-0.13568595263838504,0,-0.24010282374944653,-0.38315207384133115,-0.1281222214831264,0.021201622705082773,136.20381585818802,0,-5.156066200258632,0.13795446366781983,-146.8857344625814,87.43598615916952,-2.530028407547695,0,0.044844394463667794,-0.17700778546712748,0,-5.348615916955017,1.7517316462819152,0.8947225285496675,0.117647058823529,0.0,0.05555555555555555,1.0384702448583423,1.0911632340191548,1.3489737654667344,1.1762641904694389,1.4085075912790361,0.0,0.45833333333333326,0.06751543209876543,0.05555555555555555,0.019097222222222217,0.0023456790123456764,-0.06695782022576456,0.14607568652495698,-0.05337009885723073,-0.12111517536485691,0.023133393058046802,0,2.360848765432099,0,1,0,0.0,0.0,0.0,0.9768751020902563,4.772104119425547,0.0,-0.35426445578231314,1.073687925813246,1,1,0
46,1.712537789977794,223.52873169297345,0.6167800453514739,0.29693516924373775,0,-0.10217132617587756,0,0.0025053792626809662,0.19494081266568042,-0.03210485764090004,0.022645386757583718,227.87478881909402,0,-4.904223656442123,0.2166991496598638,118.9352644956137,77.12244897959187,0.792291202031797,0,0.07464787471655325,-0.14837981859410365,0,-7.5124716553288,1.7584205738801881,0.8967627285121519,0.09523809523809579,0.0,0.08333333333333333,0.8541531865737398,0.7477328456826206,0.697340049252298,0.9624875806969353,1.0451856913217843,0.035104581165187235,1.0116666666666665,0.2222615898211136,0.08333333333333333,0.020646258503401363,0.0038833774250440936,-0.06247731650917366,0.22701086008241633,0.04620394961727609,0.03632846199424013,0.036442728638699205,0,2.417622931888805,0.4999999999999999,2,0,0.0,0.0,0.0,0.9823381882461553,9.129037210384613,0.0,0.0,1.3149119480755433,1,1,0
47,1.4744673408081665,187.10819442572432,0.5913682277318643,0.35048500831848717,0,-0.1983356848941688,0,-0.48723656878898125,-0.008045795082832204,-0.0740889123978818,0.021201622705082773,133.902193233037,0,-7.338420341084246,0.1675553645546368,-186.19505192696687,71.00000000000003,-2.8841957789223667,0,0.2809036988062444,-0.43430082644628093,0,-2.5316804407713493,1.7515392116036423,0.8913056533651595,0.12121212121211844,0.0,0.058823529411764705,1.0897668971836842,0.9492850643750945,1.1104367311012717,1.102836592870598,1.1714502019862167,0.01510458116518723,0.6288888888888888,0.10254472159234063,0.058823529411764705,0.0262037037037037,0.003958333333333334,-0.09125435592601842,0.1387693215441888,-0.07103629808368933,-0.02953286002003443,0.1163221953716819,0,2.488681342907533,0.25,2,0,0.0,0.0,0.0,0.9759709256762963,8.936035072214274,0.0,-0.33051752645502663,1.050441723224816,1,1,0
48,1.953231163192022,227.9738268440118,0.6369612856099346,0.2314695687791006,0,-0.314964552272611,0,0.04855955234577794,0.17811054297540777,0.3475318291876898,0.023097133774205934,279.12113544849,0,-13.228511195449663,0.15731420598977341,-467.8662290372266,-21.270270270270263,-2.193240050750341,0,-0.08212865157048947,-0.01846603360116779,0,-7.095690284879474,1.7584200270451051,0.8897942060375473,0.1621621621621605,0.0,0.05263157894736842,1.123235545819723,0.9036860549213867,0.9973183416071102,1.2002133133225923,1.2988674760922332,0.0,0.6219444444444443,0.1148904006046863,0.05263157894736842,0.018846801346801344,0.003386059670781892,-0.14000206210870297,0.144136190968238,-0.1291909132597409,-0.015981780904294966,-0.036749431906588165,0,2.6111892951625095,0,0,0,0.0,0.0,0.0,0.9688715589178555,0.0,0.0,-0.42048604987262395,1.3565985565117762,1,1,0
49,1.49640109586678,179.85096539790953,0.6220009053870531,0.19241586203341982,-0.0001127502510648146,0.10181847092616378,0.00010456656733502529,-0.014053471709785255,-0.4193489139165916,-0.025312902036230964,0.021864511352149736,242.09323063758399,-0.0059757633064351735,5.396378959086681,0.029311798551382072,214.31787423424976,-58.69171570846539,-0.12925067733259932,0.013279954051548212,-0.004538778180171128,-0.22540009053870508,0.008003127533155449,-2.157537347215933,1.7519620569218397,0.8978450395596579,0.1276595744680833,0.0,0.07142857142857142,0.6876591672703992,0.8617197488474426,0.7973089065773014,0.8365904387855561,0.9852814917336633,0.03979593918987859,1.0555555555555554,0.18390967498110353,0.07142857142857142,0.01919191919191919,0.005378086419753086,0.07581149960058943,0.07832623720833583,0.07426666161188883,-0.05138791691384973,-0.005061461098468445,0,2.414436203493743,0,0,0,0.0,0.0,0.0,0.9770172774480821,0.0,0.0,0.0,1.1341122371529837,1,1,0
