"index","group","label","smiles","PCE_stats","PCE_mean","PCE_std","Global_pop_num","Global_pop_percent","PCE < 8_pop_num","PCE < 8_pop_percent","PCE > 8_pop_num","PCE > 8_pop_percent","pop_diff","Z","Z_8.0","Z_8.5","Z_9.0","Z_9.5","Z_10.0","Z_10.5"
62,"terminal","f 62","C=C1N(C2=CC=CC=C2O1)C","{'25%': 1.4897794525169601, 'std': 2.0010561543539342, 'min': 0.011391785373710999, 'max': 9.3247566111792608, 'whishi': 7.3303525160637486, 'mean': 2.8885811547364577, 'whislo': 0.011391785373710999, 'cilo': 2.2546220802489905, 'count': 133.0, '50%': 2.5984942222593599, '75%': 3.8264691730767, 'cihi': 2.9749925222104103}",2.88858115473646,2.00105615435393,424,0.827220227875761,420,0.821515892420538,4,3.07692307692308,2.25540718450254,2.81674396653438,2.81674396653438,4.31161167790733,1.19800032725845,,,
63,"terminal","f 63","C=C1N(C)C2=CC=CC=C2C1(C)C","{'25%': 0.93461738578791276, 'std': 1.5386915446066534, 'min': 0.000120416979084, 'max': 9.667380145294759, 'whishi': 5.79091508644487, 'mean': 2.0900480953083833, 'whislo': 0.000120416979084, 'cilo': 1.7738428329932221, 'count': 961.0, '50%': 1.8480636678411999, '75%': 2.8833540429008799, 'cihi': 1.9393211321758299}",2.09004809530838,1.53869154460665,2199,4.29022943655377,2195,4.29339853300734,4,3.07692307692308,-1.21647545608426,-0.699465328954664,-0.699465328954664,-0.694376563578911,0.258348758044895,-0.258719946616649,,
64,"terminal","f 64","C=C1N(C2=CC=CC=C2S1)C","{'25%': 1.3221597699351173, 'std': 1.3742906338775227, 'min': 0.034359354826416999, 'max': 12.393401920259302, 'whishi': 5.35168513667747, 'mean': 2.2677380904877946, 'whislo': 0.034359354826416999, 'cilo': 2.0302076781963101, 'count': 618.0, '50%': 2.1477577696886101, '75%': 2.9374406029610451, 'cihi': 2.2670837122616438}",2.26773809048779,1.37429063387752,846,1.65053847354456,842,1.64694376528117,3,2.30769230769231,0.660748542411134,1.26186810239024,1.26186810239024,0.691184593452017,1.70522812159846,2.15701582499956,2.7396562668497,3.15084393134943
65,"terminal","f 65","CC(C1=CC=CC=C1N2C)(C)C2=CC=C3C(C(C=CC=C4)=C4C3=C(C#N)C#N)=O","{'25%': 1.1843245291909152, 'std': 0.9621426979985731, 'min': 0.019224964659101, 'max': 4.5760804176852199, 'whishi': 4.5760804176852199, 'mean': 1.9523392891214915, 'whislo': 0.019224964659101, 'cilo': 1.8531560582210203, 'count': 255.0, '50%': 2.0253926128999602, '75%': 2.6359728030820397, 'cihi': 2.1139059689708799}",1.95233928912149,0.962142697998573,267,0.520914624629312,267,0.522249388753056,0,0,-0.522249388753056,,,,,,,
66,"terminal","f 66","O=C(C1=CC=C2N(C)C3=CC=CC=C3S2)C4=C(C1=C(C#N)C#N)C=CC=C4","{'25%': 1.3223404252748248, 'std': 1.0304091349187128, 'min': 0.036965366861477014, 'max': 5.0546109524494103, 'whishi': 5.0546109524494103, 'mean': 2.120906797787752, 'whislo': 0.036965366861477014, 'cilo': 2.0501043815427957, 'count': 519.0, '50%': 2.1406961309036601, '75%': 2.8485561250111804, 'cihi': 2.2647731646861899}",2.12090679778775,1.03040913491871,535,1.0437802403621,535,1.04645476772616,0,0,-1.04645476772616,,,,,,,
67,"terminal","f 67","O=C(C(C=CC=C1)=C1C2=C(C#N)C#N)C2=CC=C3NC4=CC=CC=C4S3","{'25%': 1.3209596377713972, 'std': 1.0340859764266048, 'min': 0.036965366861477014, 'max': 5.0546109524494103, 'whishi': 5.0546109524494103, 'mean': 2.1174475814062346, 'whislo': 0.036965366861477014, 'cilo': 2.05066911680884, 'count': 528.0, '50%': 2.1401447830793101, '75%': 2.8481820115848153, 'cihi': 2.2195901485791021}",2.11744758140623,1.0340859764266,545,1.06329015139691,545,1.06601466992665,0,0,-1.06601466992665,,,,,,,
68,"terminal","f 68","NC1=CC=CC=C1","{'25%': 1.382011359376115, 'std': 1.7674832846846089, 'min': 4.2116690140869801e-05, 'max': 12.393401920259302, 'whishi': 6.7746735902932498, 'mean': 2.627098803267276, 'whislo': 4.2116690140869801e-05, 'cilo': 2.3069091172543881, 'count': 4003.0, '50%': 2.36196010356936, '75%': 3.5478391618023046, 'cihi': 2.4249206735207061}",2.62709880326728,1.76748328468461,6534,12.747775870142,6473,12.6611246943765,60,46.1538461538462,33.4927214594696,11.6203210993746,11.6203210993746,8.81415221068181,6.73799084043714,5.02451863744436,5.24019045697566,4.73974559174504
69,"terminal","f 69","C=C1SC2=CC=CC=C2S1","{'25%': 0.79370543874556987, 'std': 1.6215810047196817, 'min': 0.042032918643209002, 'max': 8.4322104459584111, 'whishi': 5.6400340088945304, 'mean': 2.0407757391951948, 'whislo': 0.042032918643209002, 'cilo': 1.4994301714561558, 'count': 165.0, '50%': 1.67358528158757, '75%': 2.7970582901313903, 'cihi': 1.9486080525272096}",2.04077573919519,1.62158100471968,312,0.608709224285937,310,0.606356968215159,2,1.53846153846154,0.93210457024638,1.35255403010594,1.35255403010594,,,,,
70,"terminal","f 70","C=C(C1=C2C(C=CC=C23)=CC=C1)N3C","{'25%': 1.36641314856243, 'std': 1.8945146471770642, 'min': 0.0025516207275520001, 'max': 9.8236430580437766, 'whishi': 7.5837935305803086, 'mean': 2.9541854525516262, 'whislo': 0.0025516207275520001, 'cilo': 2.2885352060997119, 'count': 104.0, '50%': 2.8172631603328853, '75%': 4.2721982360151003, 'cihi': 3.4083627915475736}",2.95418545255163,1.89451464717706,250,0.487747775870142,248,0.485085574572127,2,1.53846153846154,1.05337596388941,1.70904735233771,1.70904735233771,2.71050058023995,1.86191131567228,2.23778956841848,,
71,"terminal","f 71","CN1C2=CC=C3C(C4=CC=C3)=C2C(C=C4)=C1","{'25%': 2.8172497661903373, 'std': 1.8345760392065933, 'min': 1.8809801533654, 'max': 6.8743978434440001, 'whishi': 6.8743978434440001, 'mean': 4.0241372460234617, 'whislo': 1.8809801533654, 'cilo': 2.6447201527992856, 'count': 6.0, '50%': 3.8241584418802703, '75%': 4.9006759014279195, 'cihi': 6.2282689300405059}",4.02413724602346,1.83457603920659,16,0.031215857655689,16,0.031295843520782,0,0,-0.031295843520782,,,,,,,
72,"terminal","f 72","C=C(C(C1=CC=CC=C1)(C2=CC=CC=C2)C3=CC=CC=C34)N4C","{'25%': 0.76391663188383252, 'std': 1.6149468251912718, 'min': 0.000120416979084, 'max': 8.0418257948502898, 'whishi': 6.0879053405013002, 'mean': 2.0507078317760463, 'whislo': 0.000120416979084, 'cilo': 1.5925663149999401, 'count': 622.0, '50%': 1.6855843606189849, '75%': 2.8948053557278501, 'cihi': 1.7970554607334901}",2.05070783177605,1.61494682519127,1688,3.2932729826752,1687,3.29975550122249,1,0.769230769230769,-2.53052473199172,-1.62461587041803,-1.62461587041803,,,,,
74,"terminal","f 74","CC1(C)C=C(C#N)C(O1)=C(C#N)C#N","{'25%': 1.086260535532205, 'std': 1.0630894174577079, 'min': 0.080621719792445007, 'max': 4.23962730774908, 'whishi': 4.23962730774908, 'mean': 1.7709940201782837, 'whislo': 0.080621719792445007, 'cilo': 1.542877958826564, 'count': 60.0, '50%': 1.6047797518456199, '75%': 2.4558738633532897, 'cihi': 1.9585461706125757}",1.77099402017828,1.06308941745771,276,0.538473544560637,276,0.539853300733496,0,0,-0.539853300733496,,,,,,,
75,"terminal","f 75","N#CC1=CC(C2=CC=CC=C2)(C3=CC=CC=C3)OC1=C(C#N)C#N","{'25%': nan, 'std': nan, 'min': nan, 'max': nan, 'whishi': nan, 'mean': nan, 'whislo': nan, 'cilo': nan, 'count': 0.0, '50%': nan, '75%': nan, 'cihi': nan}",,,42,0.081941626346184,42,0.082151589242054,0,0,-0.082151589242054,,,,,,,
76,"terminal","f 76","CC1(C)C=C(C#N)C(S1)=C(C#N)C#N","{'25%': 0.82362884408269954, 'std': 1.1275520116910314, 'min': 0.041957790120208005, 'max': 4.5796776951696607, 'whishi': 3.8838845184455, 'mean': 1.6680667038469967, 'whislo': 0.041957790120208005, 'cilo': 1.262683520468012, 'count': 47.0, '50%': 1.5618644952317, '75%': 2.0658189510933602, 'cihi': 1.89309273907628}",1.668066703847,1.12755201169103,209,0.407757140627439,209,0.40880195599022,0,0,-0.40880195599022,,,,,,,
77,"terminal","f 77","N#CC1=CC(C2=CC=CC=C2)(C3=CC=CC=C3)SC1=C(C#N)C#N","{'25%': nan, 'std': nan, 'min': nan, 'max': nan, 'whishi': nan, 'mean': nan, 'whislo': nan, 'cilo': nan, 'count': 0.0, '50%': nan, '75%': nan, 'cihi': nan}",,,16,0.031215857655689,16,0.031295843520782,0,0,-0.031295843520782,,,,,,,
78,"terminal","f 78","C12=CC=CC=C1N=CS2","{'25%': 0.54306842614595352, 'std': 1.5349112411438086, 'min': 0.0067397732406250001, 'max': 11.806205490619901, 'whishi': 3.8571550128896801, 'mean': 1.502559631485102, 'whislo': 0.0067397732406250001, 'cilo': 0.96365204256787396, 'count': 220.0, '50%': 1.132749997573625, '75%': 1.9368433372911649, 'cihi': 1.2629895021798601}",1.5025596314851,1.53491124114381,519,1.01256438270641,517,1.01124694376528,2,1.53846153846154,0.527214594696257,0.588543093530834,0.588543093530834,0.277674072741206,0.968176331704761,1.27003026086778,1.65549968575563,1.92552348341828
79,"terminal","f 79","C12=C(C=CS2)N=CS1","{'25%': 0.48205680937443551, 'std': 1.3302500375658846, 'min': 0.0069805341885519996, 'max': 8.0798525633326701, 'whishi': 3.32760325849075, 'mean': 1.3703381601988698, 'whislo': 0.0069805341885519996, 'cilo': 0.85927848894504333, 'count': 287.0, '50%': 1.0530447356692101, '75%': 1.6781286315724799, 'cihi': 1.1935606104616141}",1.37033816019887,1.33025003756588,474,0.924769783049789,473,0.925183374083129,1,0.769230769230769,-0.15595260485236,-0.193250615520545,-0.193250615520545,,,,,
80,"terminal","f 80","C12=C(SC=C2)N=CS1","{'25%': 0.52652404635415995, 'std': 1.4029885862698017, 'min': 0.0085785730440020008, 'max': 8.61666702609668, 'whishi': 3.4891029820733399, 'mean': 1.4159293244957321, 'whislo': 0.0085785730440020008, 'cilo': 0.94695649567641405, 'count': 289.0, '50%': 1.0073949822183901, '75%': 1.8074731763798, 'cihi': 1.1855149138500498}",1.41592932449573,1.4029885862698,474,0.924769783049789,473,0.925183374083129,1,0.769230769230769,-0.15595260485236,-0.193250615520545,-0.193250615520545,0.369917285399924,,,,
81,"spacer","f 81","N#CC(C#N)=C1C=COC=C1","{'25%': 0.64449320256083453, 'std': 1.2175769787104185, 'min': 0.0031410935543789999, 'max': 9.3247566111792608, 'whishi': 4.7127285273445398, 'mean': 1.592505937719201, 'whislo': 0.0031410935543789999, 'cilo': 1.322824987593662, 'count': 1250.0, '50%': 1.3871901274077301, '75%': 2.2779036796111072, 'cihi': 1.484092087695986}",1.5925059377192,1.21757697871042,2129,4.15366005931013,2127,4.16039119804401,2,1.53846153846154,-2.62192965958247,-1.50880957529814,-1.50880957529814,-1.22501257857319,-0.497698524960358,,,
82,"spacer","f 82","N#CC(C#N)=C1C=CSC=C1","{'25%': 0.75351989245821904, 'std': 1.2663177111068331, 'min': 0.0034683468528859999, 'max': 11.021777371310401, 'whishi': 5.1945723629179099, 'mean': 1.7655456047107045, 'whislo': 0.0034683468528859999, 'cilo': 1.546604464639824, 'count': 1369.0, '50%': 1.6263473881682, '75%': 2.5647472083788703, 'cihi': 1.7457946652110419}",1.7655456047107,1.26631771110683,1870,3.64835336350866,1868,3.65378973105134,2,1.53846153846154,-2.11532819258981,-1.29682067021905,-1.29682067021905,-0.453773630265462,0.493098351529476,0.882002514478471,1.36183720125555,1.68899985572632
84,"spacer","f 84","O=C1C(C2=CC=CC=C2N1C)=C(C3=C(C=CC=C3)N4C)C4=O","{'25%': 1.537255055185615, 'std': 1.168729578990513, 'min': 0.00122711143244, 'max': 6.7639241487726292, 'whishi': 4.8634175700300899, 'mean': 2.2970882969692079, 'whislo': 0.00122711143244, 'cilo': 2.0549528756274471, 'count': 448.0, '50%': 2.1818567659595201, '75%': 2.9375971495597901, 'cihi': 2.2873477210176705}",2.29708829696921,1.16872957899051,454,0.885749960980178,454,0.8880195599022,0,0,-0.8880195599022,,,,,,,
85,"spacer","f 85","C[Si](C1=C2SC=C1)(C)C3=C2SC=C3","{'25%': 0.8543605692393067, 'std': 1.495618177308413, 'min': 5.2975638660246501e-05, 'max': 10.782553794412999, 'whishi': 5.8846022941827094, 'mean': 1.9942681574394088, 'whislo': 5.2975638660246501e-05, 'cilo': 1.6755433240378981, 'count': 750.0, '50%': 1.7760779154934101, '75%': 2.8664758844542697, 'cihi': 1.8575366780395581}",1.99426815743941,1.49561817730841,1317,2.56945528328391,1314,2.57017114914425,3,2.30769230769231,-0.262478841451947,-0.202354415640324,-0.202354415640324,0.783569832970638,-0.002113487660801,0.264508393128885,0.58589394284393,0.800837823420083
86,"spacer","f 86","C1([Si](C2=CC=CC=C2)(C3=CC=CC=C3)C4=C5SC=C4)=C5SC=C1","{'25%': 0.50493566028052128, 'std': 1.3745335503903104, 'min': 0.024501643880825, 'max': 6.8236728709197001, 'whishi': 4.6164144988576998, 'mean': 1.589317350947677, 'whislo': 0.024501643880825, 'cilo': 0.93880100588503335, 'count': 94.0, '50%': 1.291007869946815, '75%': 2.4736396415470576, 'cihi': 1.6212528894106089}",1.58931735094768,1.37453355039031,220,0.429218042765725,220,0.430317848410758,0,0,-0.430317848410758,,,,,,,
87,"spacer","f 87","O=C1C=C(C#N)C(S1)=C(C#N)C#N","{'25%': nan, 'std': nan, 'min': nan, 'max': nan, 'whishi': nan, 'mean': nan, 'whislo': nan, 'cilo': nan, 'count': 0.0, '50%': nan, '75%': nan, 'cihi': nan}",,,3,0.005852973310442,3,0.005867970660147,0,0,-0.005867970660147,,,,,,,
88,"core","f 88","O=C(C1=CC2=C(C=C1C3=O)C4=CC=CC5=C4C2=CC=C5C#N)N3C","{'25%': 0.73154425624593755, 'std': 1.3751014049295003, 'min': 0.0017366835316389999, 'max': 7.9552125711701001, 'whishi': 5.82171656748669, 'mean': 1.8501267615221315, 'whislo': 0.0017366835316389999, 'cilo': 1.4157933722133582, 'count': 659.0, '50%': 1.6487641822431398, '75%': 2.8073554924589148, 'cihi': 1.762852948934158}",1.85012676152213,1.3751014049295,1252,2.44264086155767,1252,2.44889975550122,0,0,-2.44889975550122,,,,,,,
89,"terminal","f 89","O=C(C1=C(C2=CC=CS2)C3=C(C(C4=CC=CS4)=C1C5=O)C6=CC=CC7=C6C3=CC=C7)N5C","{'25%': 0.53127047304087405, 'std': 1.7544385665889852, 'min': 0.036510970261601002, 'max': 7.9552125711701001, 'whishi': 3.3433553238593503, 'mean': 1.6728888574147611, 'whislo': 0.036510970261601002, 'cilo': 0.68893872691637315, 'count': 35.0, '50%': 0.97009068080320282, '75%': 1.9791035923925451, 'cihi': 1.6975889166887053}",1.67288885741476,1.75443856658899,65,0.126814421726237,65,0.127139364303178,0,0,-0.127139364303178,,,,,,,
90,"spacer","f 90","C12=CC=CC=C1N=CO2","{'25%': 0.56276615498799532, 'std': 1.4345160608414311, 'min': 0.00093030190599300005, 'max': 11.763508320461801, 'whishi': 4.9469574157804903, 'mean': 1.6564985083172625, 'whislo': 0.00093030190599300005, 'cilo': 1.2764146825482479, 'count': 2356.0, '50%': 1.3419658695441949, '75%': 2.3196102399208773, 'cihi': 1.3688799567071788}",1.65649850831726,1.43451606084143,5017,9.78812236616201,5008,9.79559902200489,9,6.92307692307692,-2.87252209892797,-1.1253172226159,-1.1253172226159,-1.68810911514157,-0.979692992512508,-0.575518307513851,-0.110073916430814,0.188922150384401
91,"terminal","f 91","CC1=CN=C2N1C=CC=N2","{'25%': 0.42765765321903382, 'std': 1.179832134230373, 'min': 0.0025216872703729999, 'max': 8.3965717271869309, 'whishi': 3.3423018483566702, 'mean': 1.2310116710754073, 'whislo': 0.0025216872703729999, 'cilo': 0.82952415733474671, 'count': 292.0, '50%': 0.98904151280053565, '75%': 1.6502425784573223, 'cihi': 1.1456034702254581}",1.23101167107541,1.17983213423037,535,1.0437802403621,534,1.04449877750611,1,0.769230769230769,-0.275268008275343,-0.316207576270677,-0.316207576270677,,,,,
92,"terminal","f 92","O=C1C=C(C)OC2=CC=CC=C21","{'25%': 0.51016392160125945, 'std': 1.2017760826790873, 'min': 0.034467566234422015, 'max': 6.75900622131799, 'whishi': 4.2352503814654598, 'mean': 1.4720997154255762, 'whislo': 0.034467566234422015, 'cilo': 1.0715082038033601, 'count': 107.0, '50%': 1.2261119821372699, '75%': 2.0748192449793148, 'cihi': 1.63320489312835}",1.47209971542558,1.20177608267909,322,0.628219135320743,322,0.629828850855746,0,0,-0.629828850855746,,,,,,,
93,"terminal","f 93","O=C1C2=CC=CC=C2C=C(C)O1","{'25%': 0.39885112377800758, 'std': 1.1163195440555338, 'min': 0.013688379940088998, 'max': 6.0693233821279904, 'whishi': 4.35339435114882, 'mean': 1.3377406059068964, 'whislo': 0.013688379940088998, 'cilo': 0.85335476281281841, 'count': 147.0, '50%': 1.0734032113776899, '75%': 2.0364440541199054, 'cihi': 1.4454706870013521}",1.3377406059069,1.11631954405553,327,0.637974090838146,327,0.63960880195599,0,0,-0.63960880195599,,,,,,,
94,"terminal","f 94","O=C(C=C1)SC1=C","{'25%': nan, 'std': nan, 'min': nan, 'max': nan, 'whishi': nan, 'mean': nan, 'whislo': nan, 'cilo': nan, 'count': 0.0, '50%': nan, '75%': nan, 'cihi': nan}",,,3,0.005852973310442,3,0.005867970660147,0,0,-0.005867970660147,,,,,,,
95,"terminal","f 95","C#CC1=C(F)C(F)=C(C#N)S1","{'25%': 0.52670879441997054, 'std': 1.2805310918270654, 'min': 0.0011974708863089999, 'max': 4.86145619043889, 'whishi': 4.86145619043889, 'mean': 1.6375351404811935, 'whislo': 0.0011974708863089999, 'cilo': 1.0074090283304904, 'count': 108.0, '50%': 1.3739616744742149, '75%': 2.4547994180090349, 'cihi': 1.7266538074042059}",1.63753514048119,1.28053109182707,307,0.598954268768534,307,0.600488997555012,0,0,-0.600488997555012,,,,,,,
96,"terminal","f 96","O=CC1=CC(F)=C(C#N)O1","{'25%': nan, 'std': nan, 'min': nan, 'max': nan, 'whishi': nan, 'mean': nan, 'whislo': nan, 'cilo': nan, 'count': 0.0, '50%': nan, '75%': nan, 'cihi': nan}",,,0,0,0,0,0,0,0,,,,,,,
98,"core","f 98","N#CC1=CC=C(SC=C2)C2=C1","{'25%': 0.47615930326625988, 'std': 1.0864346552908066, 'min': 0.00072599142950999999, 'max': 6.94958880531731, 'whishi': 4.2952809183040896, 'mean': 1.3620863828637761, 'whislo': 0.00072599142950999999, 'cilo': 1.041846171120266, 'count': 2327.0, '50%': 1.1013180475839, '75%': 2.0189859864843154, 'cihi': 1.161635455862422}",1.36208638286378,1.08643465529081,6071,11.8444669892305,6071,11.8748166259169,0,0,-11.8748166259169,,,,,,,
99,"terminal","f 99","FC(S1)=CC2=C1N=C(SC(F)=C3)C3=C2","{'25%': 0.31995847649695508, 'std': 1.1028129529527571, 'min': 0.26923261131565601, 'max': 3.0914166591657102, 'whishi': 0.60197732557067796, 'mean': 0.85413126005375617, 'whislo': 0.26923261131565601, 'cilo': 0.27658826306624551, 'count': 6.0, '50%': 0.43910852472682904, '75%': 0.56403671615709428, 'cihi': 1.0543364609933821}",0.854131260053756,1.10281295295276,12,0.023411893241767,12,0.023471882640587,0,0,-0.023471882640587,,,,,,,
100,"terminal","f 100","O=C(O)C1=C(C#N)ON=C1C#N","{'25%': 0.87864381611232201, 'std': 2.546746659140787, 'min': 0.0017916316026949999, 'max': 7.1574155517264497, 'whishi': 2.6364888535638649, 'mean': 2.3337376980885232, 'whislo': 0.0017916316026949999, 'cilo': 0.58861820037827961, 'count': 8.0, '50%': 1.480554057012115, '75%': 2.6364888535638649, 'cihi': 4.7881988441661392}",2.33373769808852,2.54674665914079,74,0.144373341657562,74,0.144743276283619,0,0,-0.144743276283619,,,,,,,
1100,"spacer","f 100a","O=C(O)C1=CON=C1","{'25%': 0.73359681503496221, 'std': 1.4983121420656711, 'min': 0.0017916316026949999, 'max': 12.393401920259302, 'whishi': 5.48242287287938, 'mean': 1.872771019062978, 'whislo': 0.0017916316026949999, 'cilo': 1.552681310215374, 'count': 1754.0, '50%': 1.6253396147864299, '75%': 2.6412141946078345, 'cihi': 1.7078135995380501}",1.87277101906298,1.49831214206567,5333,10.4046355548619,5324,10.4136919315403,8,6.15384615384615,-4.25984577769419,-1.32662263415791,-1.32662263415791,-0.304088618822933,-0.030329097076607,-0.072609150923428,-0.201859442437442,0.098185921468735
101,"spacer","f 101","N#CC1=CSC2=C1C(C(C#N)=CS3)=C3S2","{'25%': 0.47155311824522272, 'std': 1.3145568599209727, 'min': 0.0048558903383870006, 'max': 8.9115219266843599, 'whishi': 4.3771369522086001, 'mean': 1.5341015110798923, 'whislo': 0.0048558903383870006, 'cilo': 1.029440599422436, 'count': 244.0, '50%': 1.1916895571307751, '75%': 2.294714119697165, 'cihi': 1.5384205820135999}",1.53410151107989,1.31455685992097,695,1.35593881691899,694,1.35745721271394,1,0.769230769230769,-0.588226443483167,-0.587189938322861,-0.587189938322861,-0.016939580474679,,,,
105,"spacer","f 105","O=C(C1=CC=CS1)C2=COC=C2","{'25%': 0.50854807325641671, 'std': 1.4319749314103107, 'min': 5.2975638660246501e-05, 'max': 11.740876504094301, 'whishi': 5.13939592452975, 'mean': 1.6040842455457964, 'whislo': 5.2975638660246501e-05, 'cilo': 1.2091309653435491, 'count': 4608.0, '50%': 1.24903811672714, '75%': 2.3629515267022976, 'cihi': 1.2817867575704609}",1.6040842455458,1.43197493141031,10557,20.5966130794444,10540,20.6161369193154,17,13.0769230769231,-7.53921384239233,-2.15922027521006,-2.15922027521006,-0.69932854178607,-0.805156216082163,-0.532418004331604,-0.807435263395312,-0.995293542285181
106,"core","f 106","C1=CN=CN=C1","{'25%': 0.71392860015477355, 'std': 1.4973683495667429, 'min': 2.43477726362684e-05, 'max': 11.991670138499099, 'whishi': 5.5585792525942015, 'mean': 1.8666193385146621, 'whislo': 2.43477726362684e-05, 'cilo': 1.5570823111745882, 'count': 13718.0, '50%': 1.5892768144534304, '75%': 2.6530030960987352, 'cihi': 1.6180408434730598}",1.86661933851466,1.49736834956674,29327,57.2167160917746,29249,57.2107579462103,78,60,2.78924205378973,0.538594257375606,0.538594257375606,-0.213125343635281,-1.07312614000737,-1.53737671306686,-1.11529378099625,-1.09541305169796
107,"core","f 107","C1=CN=CN=C1","{'25%': 0.71392860015477355, 'std': 1.4973683495667429, 'min': 2.43477726362684e-05, 'max': 11.991670138499099, 'whishi': 5.5585792525942015, 'mean': 1.8666193385146621, 'whislo': 2.43477726362684e-05, 'cilo': 1.5483890119742723, 'count': 13718.0, '50%': 1.5892768144534304, '75%': 2.6530030960987352, 'cihi': 1.6107330784342349}",1.86661933851466,1.49736834956674,29327,57.2167160917746,29249,57.2107579462103,78,60,2.78924205378973,0.538594257375606,0.538594257375606,-0.213125343635281,-1.07312614000737,-1.53737671306686,-1.11529378099625,-1.09541305169796
108,"spacer","f 108","C=CC1=NC=NC=C1","{'25%': 0.66215664317626755, 'std': 1.6125369720078058, 'min': 0.000120416979084, 'max': 11.991670138499099, 'whishi': 5.9037917425038495, 'mean': 1.9228057134186525, 'whislo': 0.000120416979084, 'cilo': 1.5291970728908542, 'count': 3998.0, '50%': 1.5723236680163049, '75%': 2.7691325537224256, 'cihi': 1.6266032398458401}",1.92280571341865,1.61253697200781,7821,15.2587014203215,7794,15.2449877750611,27,20.7692307692308,5.52424299416965,1.70567269754991,1.70567269754991,1.46405701404031,0.912823730579052,1.23026852350118,2.16043243041931,1.47731881923402
109,"core","f 109","O=C(C1=CC=CS1)C2=COC=C2","{'25%': 0.50854807325641671, 'std': 1.4319749314103107, 'min': 5.2975638660246501e-05, 'max': 11.740876504094301, 'whishi': 5.13939592452975, 'mean': 1.6040842455457964, 'whislo': 5.2975638660246501e-05, 'cilo': 1.2049350316174541, 'count': 4608.0, '50%': 1.24903811672714, '75%': 2.3629515267022976, 'cihi': 1.298067768617831}",1.6040842455458,1.43197493141031,10557,20.5966130794444,10540,20.6161369193154,17,13.0769230769231,-7.53921384239233,-2.15922027521006,-2.15922027521006,-0.69932854178607,-0.805156216082163,-0.532418004331604,-0.807435263395312,-0.995293542285181
110,"spacer","f 110","O=C(C1=CC=CS1)C2=COC=C2","{'25%': 0.50854807325641671, 'std': 1.4319749314103107, 'min': 5.2975638660246501e-05, 'max': 11.740876504094301, 'whishi': 5.13939592452975, 'mean': 1.6040842455457964, 'whislo': 5.2975638660246501e-05, 'cilo': 1.1812441727211302, 'count': 4608.0, '50%': 1.24903811672714, '75%': 2.3629515267022976, 'cihi': 1.3022729960019261}",1.6040842455458,1.43197493141031,10557,20.5966130794444,10540,20.6161369193154,17,13.0769230769231,-7.53921384239233,-2.15922027521006,-2.15922027521006,-0.69932854178607,-0.805156216082163,-0.532418004331604,-0.807435263395312,-0.995293542285181
111,"core","f 111","O=C1NC2=C(C=CC=C2)C1=C(S3)C=CC3=C4SC(C=C4)=C5C(NC6=C5C=CC=C6)=O","{'25%': 3.9070615446392023, 'std': 1.9257960886253569, 'min': 0.107789259047016, 'max': 11.806205490619901, 'whishi': 8.8089141871703696, 'mean': 5.0572179501336461, 'whislo': 0.86969859221931989, 'cilo': 4.7746884740854121, 'count': 102.0, '50%': 4.9599361129812989, '75%': 6.0806337825093477, 'cihi': 5.3592580893000612}",5.05721795013365,1.92579608862536,124,0.24192289683159,117,0.228850855745721,7,5.38461538461539,5.15576452886966,11.9009057032658,11.9009057032658,8.98193595030179,6.21383018891243,7.16517519736503,8.45047892874413,4.58973163339459
112,"spacer","f 112","FC(S1)=C(F)C2=C1N=C(SC=C3)C3=C2","{'25%': 0.42842240622375533, 'std': 1.1334021667473464, 'min': 4.2116690140869801e-05, 'max': 6.9585143109046399, 'whishi': 4.3601916061774801, 'mean': 1.3239895430367361, 'whislo': 4.2116690140869801e-05, 'cilo': 0.90627302938398802, 'count': 812.0, '50%': 0.97003840407091746, '75%': 2.012332589870955, 'cihi': 1.1184340233426688}",1.32398954303674,1.13340216674735,1604,3.12938972998283,1604,3.13740831295844,0,0,-3.13740831295844,,,,,,,
113,"terminal","f 113","O=CC1=CC=NO1","{'25%': 0.43840105463651702, 'std': 1.8639770050945779, 'min': 0.019845839858569001, 'max': 6.9533009691309591, 'whishi': 3.9114118589055495, 'mean': 1.8187936721604294, 'whislo': 0.019845839858569001, 'cilo': 0.69533531049119912, 'count': 25.0, '50%': 1.44339284312808, '75%': 2.4795562002651002, 'cihi': 1.859427270414403}",1.81879367216043,1.86397700509458,78,0.152177306071484,78,0.152567237163814,0,0,-0.152567237163814,,,,,,,
114,"terminal","f 114","O=C(N1C=NC=C1)N2C=CN=C2","{'25%': 0.3575170844844805, 'std': 1.6023494782827112, 'min': 0.0034683468528859999, 'max': 11.075324100268199, 'whishi': 4.1535646695416402, 'mean': 1.4623188099816342, 'whislo': 0.0034683468528859999, 'cilo': 0.82171114022999348, 'count': 195.0, '50%': 0.99537567438541197, '75%': 2.01567501690079, 'cihi': 1.3255805578726698}",1.46231880998163,1.60234947828271,644,1.25643827064149,641,1.25378973105134,3,2.30769230769231,1.05390257664096,1.06348318693414,1.06348318693414,1.09725823761434,2.17158873346467,2.66117938697859,3.29978027651672,1.63780656554982
115,"terminal","f 115","O=C(N1C=NC=C1)N2C=CN=C2","{'25%': 0.3575170844844805, 'std': 1.6023494782827112, 'min': 0.0034683468528859999, 'max': 11.075324100268199, 'whishi': 4.1535646695416402, 'mean': 1.4623188099816342, 'whislo': 0.0034683468528859999, 'cilo': 0.76071932074609205, 'count': 195.0, '50%': 0.99537567438541197, '75%': 2.01567501690079, 'cihi': 1.31954458551821}",1.46231880998163,1.60234947828271,644,1.25643827064149,641,1.25378973105134,3,2.30769230769231,1.05390257664096,1.06348318693414,1.06348318693414,1.09725823761434,2.17158873346467,2.66117938697859,3.29978027651672,1.63780656554982
117,"terminal","f 117","O=CC1=COC(C2=CC(SC=C3)=C3S2)=N1","{'25%': 0.66042966441296358, 'std': 1.0276880312739507, 'min': 0.019093139966518, 'max': 5.1398289157318304, 'whishi': 4.2655940537487798, 'mean': 1.4332336316016017, 'whislo': 0.019093139966518, 'cilo': 1.0019017074358567, 'count': 100.0, '50%': 1.3505670506962302, '75%': 2.1121454701018023, 'cihi': 1.4775049837017558}",1.4332336316016,1.02768803127395,137,0.267285781176838,137,0.267970660146699,0,0,-0.267970660146699,,,,,,,
118,"terminal","f 118","O=CC1=COC=N1","{'25%': 0.66042966441296358, 'std': 1.0276880312739507, 'min': 0.019093139966518, 'max': 5.1398289157318304, 'whishi': 4.2655940537487798, 'mean': 1.4332336316016017, 'whislo': 0.019093139966518, 'cilo': 1.173033684687014, 'count': 100.0, '50%': 1.3505670506962302, '75%': 2.1121454701018023, 'cihi': 1.4816272202462417}",1.4332336316016,1.02768803127395,137,0.267285781176838,137,0.267970660146699,0,0,-0.267970660146699,,,,,,,
119,"terminal","f 119","N#CC1=CN=CS1","{'25%': 0.809567300409756, 'std': 1.5197855389013535, 'min': 0.00021079476976899999, 'max': 12.2669626374842, 'whishi': 4.4484236134496298, 'mean': 1.7843309370101128, 'whislo': 0.00021079476976899999, 'cilo': 1.3593192516301498, 'count': 229.0, '50%': 1.43427045400473, '75%': 2.28240885446486, 'cihi': 1.6651476796026139}",1.78433093701011,1.51978553890135,717,1.39886062119557,715,1.39853300733496,2,1.53846153846154,0.139928531126575,0.124762253359446,0.124762253359446,0.935554293864596,1.98379901087372,2.4574523805253,3.07265747917059,1.50185584792234
120,"spacer","f 120","O=C(O[H])C1=CSC=C1","{'25%': 0.49268519500635599, 'std': 1.3935624725814564, 'min': 2.43477726362684e-05, 'max': 10.668708191603599, 'whishi': 4.6830753590841603, 'mean': 1.5340030268859011, 'whislo': 2.43477726362684e-05, 'cilo': 1.108887416799522, 'count': 1789.0, '50%': 1.1778020473931801, '75%': 2.1696897425236501, 'cihi': 1.252416501007922}",1.5340030268859,1.39356247258146,4844,9.45060090525987,4839,9.46503667481663,5,3.84615384615385,-5.61888282866278,-2.20707237145814,-2.20707237145814,-1.21977846242196,-0.923092848673083,-0.521398764734009,-0.786646835115702,-0.564999817133823
121,"spacer","f 121","N#CC1=CSC(C#N)=C1","{'25%': 0.79845629265291984, 'std': 1.2977299771587476, 'min': 0.0041112436024000002, 'max': 9.8236430580437766, 'whishi': 5.0923768064161203, 'mean': 1.8067172679674408, 'whislo': 0.0041112436024000002, 'cilo': 1.5795818876810228, 'count': 1560.0, '50%': 1.64261714803953, '75%': 2.5332239638498626, 'cihi': 1.7179527554801299}",1.80671726796744,1.29772997715875,4282,8.35414390510379,4278,8.36772616136919,4,3.07692307692308,-5.29080308444612,-2.19539999922196,-2.19539999922196,-1.36376566849248,-1.30727701894111,-0.994145538501208,,
123,"terminal","f 123","O=C1NC2=CC=CC=C2C=C1C#N","{'25%': 0.34195596002551876, 'std': 1.4502709236302231, 'min': 0.120649125461068, 'max': 4.9002791115574, 'whishi': 2.0540637907207402, 'mean': 1.2457444987520288, 'whislo': 0.120649125461068, 'cilo': 0.42811069470963448, 'count': 10.0, '50%': 0.74922652717438898, '75%': 1.6841588137476755, 'cihi': 2.0206703154100403}",1.24574449875203,1.45027092363022,66,0.128765412829717,66,0.129095354523227,0,0,-0.129095354523227,,,,,,,
124,"terminal","f 124","O=CC1=CC=CC=C1[N+]([O-])=O","{'25%': nan, 'std': nan, 'min': nan, 'max': nan, 'whishi': nan, 'mean': nan, 'whislo': nan, 'cilo': nan, 'count': 0.0, '50%': nan, '75%': nan, 'cihi': nan}",,,0,0,0,0,0,0,0,,,,,,,
126,"spacer","f 126","O=C(NC1=O)C2=CC=C3C4=C(C5=C6C3=CC=C7C6=C(C(NC7=O)=O)C=C5S8)C8=CC1=C42","{'25%': 0.36296423192534299, 'std': 0.61587952297896265, 'min': 0.0015104267072729993, 'max': 3.4802204226880096, 'whishi': 1.4269540137239298, 'mean': 0.730830073477024, 'whislo': 0.0015104267072729993, 'cilo': 0.56293778061804356, 'count': 73.0, '50%': 0.6207832822494711, '75%': 0.92455633365723, 'cihi': 0.72367482893965052}",0.730830073477024,0.615879522978963,120,0.234118932417668,120,0.234718826405868,0,0,-0.234718826405868,,,,,,,
127,"spacer","f 127","[H]C(F)(F)F","{'25%': 0.75264823224723099, 'std': 1.3775710377004875, 'min': 0.0026205967202039999, 'max': 8.4012974473185498, 'whishi': 5.5986348478232895, 'mean': 1.8732424664457661, 'whislo': 0.0026205967202039999, 'cilo': 1.5713748586404241, 'count': 745.0, '50%': 1.62941378197539, '75%': 2.7070617621578403, 'cihi': 1.738756953970634}",1.87324246644577,1.37757103770049,2360,4.60433900421414,2359,4.61418092909535,1,0.769230769230769,-3.84495015986459,-2.10029946028658,-2.10029946028658,,,,,
128,"spacer","f 128","[H]C(O)=O","{'25%': 0.61323554000942293, 'std': 1.4211473562801396, 'min': 2.43477726362684e-05, 'max': 12.393401920259302, 'whishi': 5.1887316279956606, 'mean': 1.7132684141846695, 'whislo': 2.43477726362684e-05, 'cilo': 1.372783088149558, 'count': 4837.0, '50%': 1.436829272065, '75%': 2.4460800004708001, 'cihi': 1.4841070644221261}",1.71326841418467,1.42114735628014,12995,25.35312938973,12980,25.3887530562347,14,10.7692307692308,-14.619522287004,-3.66240323358002,-3.66240323358002,-1.86328685502876,-1.43153571745624,-1.09396869573508,-1.26353269893938,-0.847285272934921
129,"spacer","f 129","[H]C#N","{'25%': 0.7039936255754019, 'std': 1.2800104145711655, 'min': 0.00021079476976899999, 'max': 12.2669626374842, 'whishi': 5.1997829274259502, 'mean': 1.7325480226822152, 'whislo': 0.00021079476976899999, 'cilo': 1.5305370943997239, 'count': 9733.0, '50%': 1.5611761169351499, '75%': 2.5096135469405501, 'cihi': 1.5849919603233782}",1.73254802268222,1.28001041457117,20374,39.7494927423131,20360,39.8239608801956,14,10.7692307692308,-29.0547301109648,-6.80571058379645,-6.80571058379645,-4.67808269396528,-3.11036556140617,-2.58420137796714,-2.06755704050256,-2.00147936443323
1,"core","f 1","O=C1C(C(C2=O)=CN1C)=CN2C","{'25%': 1.9026548227159497, 'std': 1.7883499383197055, 'min': 0.0016709045059969999, 'max': 12.2669626374842, 'whishi': 7.3830420408558002, 'mean': 3.1480570331722539, 'whislo': 0.0016709045059969999, 'cilo': 2.8734829007467946, 'count': 2520.0, '50%': 2.9551834958003749, '75%': 4.0976686034958174, 'cihi': 3.0199503030592667}",3.14805703317225,1.78834993831971,3069,5.98759169658186,3021,5.90904645476773,48,36.9230769230769,31.0140304683092,14.8064292211648,14.8064292211648,11.4499671045493,10.5763548061955,10.1634224845596,9.60154703470989,8.86524390154194
2,"core","f 2","O=C1N(C)C(C(C1=C2)=CC3=C2C4=C5C(C=CC=C53)=CC=C4)=O","{'25%': 0.57714348334565002, 'std': 1.3324878736099217, 'min': 0.00021079476976899999, 'max': 9.3247566111792608, 'whishi': 4.9438762879395197, 'mean': 1.5900302600499205, 'whislo': 0.00021079476976899999, 'cilo': 1.1978808548649018, 'count': 1185.0, '50%': 1.2642068940001798, '75%': 2.3335164541114, 'cihi': 1.343284179329518}",1.59003026004992,1.33248787360992,2173,4.23950366786328,2172,4.24841075794621,1,0.769230769230769,-3.47917998871544,-1.97712566806309,-1.97712566806309,-1.25001357812399,-0.519471169823472,,,
3,"core","f 3","O=C(N(C)C1=O)C2=CC=C3C4=C(C(N(C)C3=O)=O)C=CC1=C42","{'25%': 0.91569579911907484, 'std': 1.7481565326021775, 'min': 0.012149609074465001, 'max': 12.393401920259302, 'whishi': 6.8633764594554005, 'mean': 2.2559733929779031, 'whislo': 0.012149609074465001, 'cilo': 1.706211985922758, 'count': 436.0, '50%': 1.8945780801556802, '75%': 3.3213454621604352, 'cihi': 2.0764402581716919}",2.2559733929779,1.74815653260218,841,1.64078351802716,836,1.63520782396088,4,3.07692307692308,1.4417152529622,1.96297557282608,1.96297557282608,1.60945555442847,0.454058673215931,0.729947811418401,1.07266499338237,1.30762011206728
4,"spacer","f 4","FC1=NC2C=CC=CC2N=C1F","{'25%': 0.59467247299825332, 'std': 1.2451988440849164, 'min': 0.00069181324150800001, 'max': 8.5645523798310812, 'whishi': 5.0747581115935896, 'mean': 1.5975020864270073, 'whislo': 0.00069181324150800001, 'cilo': 1.2494490197127521, 'count': 898.0, '50%': 1.3473912738844749, '75%': 2.3879566839409447, 'cihi': 1.4498014606699532}",1.59750208642701,1.24519884408492,1760,3.4337443421258,1758,3.43863080684597,2,1.53846153846154,-1.90016926838443,-1.20018231968117,-1.20018231968117,-0.999659226011792,,,,
5,"spacer","f 5","FC1=CC2=NSN=C2C=C1","{'25%': 0.67593144657081994, 'std': 1.4526323140334503, 'min': 0.00017454998416499998, 'max': 10.129536962325501, 'whishi': 5.5182604291691604, 'mean': 1.818925038431213, 'whislo': 0.00017454998416499998, 'cilo': 1.498872327401962, 'count': 2283.0, '50%': 1.5312817930790401, '75%': 2.6422930611471851, 'cihi': 1.592009670428276}",1.81892503843121,1.45263231403345,5066,9.88372093023256,5055,9.88753056234719,11,8.46153846153846,-1.42599210080873,-0.570913493771966,-0.570913493771966,0.227360056072629,1.15150228369669,0.633274442886454,-0.83914827513162,
6,"spacer","f 6","FC1=CC2=NSN=C2C=C1F","{'25%': 0.70413626583905509, 'std': 1.3604654966646805, 'min': 0.00034429532134099987, 'max': 9.7164032015384905, 'whishi': 5.2360557770428402, 'mean': 1.7771479751439534, 'whislo': 0.00034429532134099987, 'cilo': 1.422206208478684, 'count': 621.0, '50%': 1.5580991689408701, '75%': 2.5294748514164702, 'cihi': 1.6971204680381877}",1.77714797514395,1.36046549666468,1630,3.18011549867333,1628,3.18435207823961,2,1.53846153846154,-1.64589053977807,-1.07984338451764,-1.07984338451764,-0.912129101456089,-0.219320616842157,0.047839773775283,,
7,"spacer","f 7","FC1=C(F)C=C(F)C(F)=C1","{'25%': 0.58554240790058831, 'std': 1.3190328691379822, 'min': 0.0040464328684529996, 'max': 8.3951587528635496, 'whishi': 4.7577121994480702, 'mean': 1.617509419146155, 'whislo': 0.0040464328684529996, 'cilo': 1.18447783119822, 'count': 596.0, '50%': 1.2943885750044499, '75%': 2.3711281665229178, 'cihi': 1.4124091505469187}",1.61750941914616,1.31903286913798,2638,5.14671453098174,2637,5.15794621026895,1,0.769230769230769,-4.38871544103818,-2.2735399836005,-2.2735399836005,,,,,
9,"spacer","f 9","O=CC(S1)=CC2=C1C3=CC(S4)=C(C=C3S2)C5=C4C=C(C=O)S5","{'25%': 1.2105142727071998, 'std': 0.90918814390840064, 'min': 0.12879674682595502, 'max': 3.33079430160815, 'whishi': 3.33079430160815, 'mean': 1.6932100022751655, 'whislo': 0.12879674682595502, 'cilo': 1.1746208806653153, 'count': 21.0, '50%': 1.4702195778426199, '75%': 2.4096438352263703, 'cihi': 2.2936573443767321}",1.69321000227517,0.909188143908401,25,0.048774777587014,25,0.048899755501223,0,0,-0.048899755501223,,,,,,,
10,"spacer","f 10","O=CC(S1)=CC2=C1C3=CC(S4)=C(C=C3S2)C5=C4C=C(C=O)S5","{'25%': 1.2105142727071998, 'std': 0.90918814390840064, 'min': 0.12879674682595502, 'max': 3.33079430160815, 'whishi': 3.33079430160815, 'mean': 1.6932100022751655, 'whislo': 0.12879674682595502, 'cilo': 1.3787513067334363, 'count': 21.0, '50%': 1.4702195778426199, '75%': 2.4096438352263703, 'cihi': 1.8704287877635779}",1.69321000227517,0.909188143908401,25,0.048774777587014,25,0.048899755501223,0,0,-0.048899755501223,,,,,,,
11,"core","f 11","O=C1C2=CSC=C2C(C3=C(C(F)(F)F)SC(C(F)(F)F)=C31)=O","{'25%': 0.53537123379895846, 'std': 1.6041488683760718, 'min': 0.029557953994810999, 'max': 8.4012974473185498, 'whishi': 5.34146538827365, 'mean': 1.8295482881802632, 'whislo': 0.029557953994810999, 'cilo': 1.0873428266713527, 'count': 82.0, '50%': 1.5593416235751951, '75%': 2.5179417188370472, 'cihi': 1.8646083514551601}",1.82954828818026,1.60414886837607,346,0.675042921804277,345,0.67481662591687,1,0.769230769230769,0.094414143313899,0.123603539127647,0.123603539127647,,,,,
14,"spacer","f 14","C12=CC=CC3=C1N(C=C3)C4=C(C=CC=C4)S2","{'25%': 1.3325805664231423, 'std': 2.1497643811945268, 'min': 0.0050811569265030001, 'max': 11.991670138499099, 'whishi': 8.3348213089683902, 'mean': 2.9817299678884734, 'whislo': 0.0050811569265030001, 'cilo': 2.3875279580418081, 'count': 1064.0, '50%': 2.5527107530562398, '75%': 4.1419643515391273, 'cihi': 2.712197790315912}",2.98172996788847,2.14976438119453,1701,3.31863586702045,1674,3.27432762836186,27,20.7692307692308,17.4949031408689,11.0632424964574,11.0632424964574,9.36116609682388,5.99685785046149,5.10227544530669,3.89278973403602,4.47817752836303
15,"core","f 15","C(C1=CC=CC=C1)(C2=CC=CC=C2)=C(C3=CC=CC=C3)C4=CC=CC=C4","{'25%': 0.54507007288204501, 'std': 1.2678582955961797, 'min': 0.0040464328684529996, 'max': 6.8464348653819513, 'whishi': 3.77276505027739, 'mean': 1.4048218262207406, 'whislo': 0.0040464328684529996, 'cilo': 0.8348541728459169, 'count': 185.0, '50%': 1.0409003654606701, '75%': 1.920475588935, 'cihi': 1.20316528398777}",1.40482182622074,1.26785829559618,476,0.92867176525675,476,0.931051344743276,0,0,-0.931051344743276,,,,,,,
16,"core","f 16","C(C1=CC=CC=C1)(C2=CC=CC=C2)=C(C3=CC=CC=C3)C4=CC=CC=C4","{'25%': 0.54507007288204501, 'std': 1.2678582955961797, 'min': 0.0040464328684529996, 'max': 6.8464348653819513, 'whishi': 3.77276505027739, 'mean': 1.4048218262207406, 'whislo': 0.0040464328684529996, 'cilo': 0.89405559952260294, 'count': 185.0, '50%': 1.0409003654606701, '75%': 1.920475588935, 'cihi': 1.2584244040564221}",1.40482182622074,1.26785829559618,476,0.92867176525675,476,0.931051344743276,0,0,-0.931051344743276,,,,,,,
17,"spacer","f 17","O=C(C(C=C1)=CC=C1C=CC2=CC=C(C(O)=O)C=C2)O","{'25%': 0.40485276279988375, 'std': 1.0345874155314185, 'min': 0.0025935362489869999, 'max': 4.2854454195487799, 'whishi': 3.8851414477089694, 'mean': 1.2416641261570363, 'whislo': 0.0025935362489869999, 'cilo': 0.7929151045557068, 'count': 276.0, '50%': 0.99540402236620595, '75%': 1.8011584411735904, 'cihi': 1.1264351541137358}",1.24166412615704,1.03458741553142,599,1.16864367098486,599,1.17163814180929,0,0,-1.17163814180929,,,,,,,
18,"spacer","f 18","FC(C(F)=C(F)C(F)=C1F)=C1C=CC2=C(F)C(F)=C(F)C(F)=C2F","{'25%': 0.31348792572971951, 'std': 1.3776267273770002, 'min': 0.0098934176174850005, 'max': 4.5234268843367316, 'whishi': 4.5234268843367316, 'mean': 1.4674358480341207, 'whislo': 0.0098934176174850005, 'cilo': 0.47624631493792741, 'count': 27.0, '50%': 1.15441053786783, '75%': 2.521356153961495, 'cihi': 1.90154746862385}",1.46743584803412,1.377626727377,247,0.4818948025597,247,0.483129584352078,0,0,-0.483129584352078,,,,,,,
19,"spacer","f 19","FC1=CSC2=C1SC3=C2SC=C3F","{'25%': 0.4815248937417056, 'std': 1.2285886868915636, 'min': 0.003097099927311, 'max': 8.7227839799487601, 'whishi': 4.5127161026314999, 'mean': 1.4668902552844705, 'whislo': 0.003097099927311, 'cilo': 1.083513513085208, 'count': 455.0, '50%': 1.2061446784433001, '75%': 2.1212449884429598, 'cihi': 1.3644120971024121}",1.46689025528447,1.22858868689156,813,1.5861557671297,812,1.58826405867971,1,0.769230769230769,-0.819033289448937,-0.754707705570293,-0.754707705570293,-0.175371476833891,,,,
20,"spacer","f 20","C1(C(C=C(C(C2=CC=CC=C2)(C3=CC=CC=C3)C4=C5SC=C4)C5=C6)=C6C7)=C7C=CS1","{'25%': 0.75079332107872898, 'std': 1.3801438627764129, 'min': 0.041615655222090001, 'max': 3.9718638310878895, 'whishi': 3.9718638310878895, 'mean': 1.9020911148699726, 'whislo': 0.041615655222090001, 'cilo': 0.490840918510558, 'count': 15.0, '50%': 1.56299121883576, '75%': 3.1848281804203751, 'cihi': 3.0375139870933001}",1.90209111486997,1.38014386277641,44,0.085843608553145,44,0.086063569682152,0,0,-0.086063569682152,,,,,,,
21,"spacer","f 21","CC1(C)C2=C(C=C(C(C)(C)C3=C4SC=C3)C4=C2)C5=C1C=CS5","{'25%': 0.84629061601460043, 'std': 1.6110026379131965, 'min': 0.00069181324150800001, 'max': 8.4211912468424206, 'whishi': 4.884825771308889, 'mean': 2.0028110038747395, 'whislo': 0.00069181324150800001, 'cilo': 1.470823875475874, 'count': 147.0, '50%': 1.53225420877269, '75%': 2.8531428515428798, 'cihi': 1.8148603442265578}",2.00281100387474,1.6110026379132,270,0.526767597939753,268,0.524205378973105,2,1.53846153846154,1.01425615948843,1.58307952308526,1.58307952308526,,,,,
22,"spacer","f 22","C1=CN=CN=N1","{'25%': 0.71057900050932743, 'std': 1.4211920317273592, 'min': 0.000120416979084, 'max': 11.288867837200101, 'whishi': 5.5508401823966906, 'mean': 1.855795627560449, 'whislo': 0.000120416979084, 'cilo': 1.5666167097063921, 'count': 3194.0, '50%': 1.6358663346526652, '75%': 2.6648692104597274, 'cihi': 1.6883932756658839}",1.85579562756045,1.42119203172736,6717,13.104807242079,6708,13.120782396088,9,6.92307692307692,-6.1977054730111,-2.11729314365745,-2.11729314365745,-2.33830914800319,-1.47671977076926,-1.04527553268551,-0.558024775892081,-0.250699841124234
23,"core","f 23","N1=CN=CN=C1","{'25%': 0.72213809371873106, 'std': 1.3617936363411351, 'min': 4.2116690140869801e-05, 'max': 8.9115219266843599, 'whishi': 5.2747838349123599, 'mean': 1.7951260190210137, 'whislo': 4.2116690140869801e-05, 'cilo': 1.5329443724176239, 'count': 2639.0, '50%': 1.5758246796004098, '75%': 2.5751956474532598, 'cihi': 1.6303195561335699}",1.79512601902101,1.36179363634114,6376,12.4395192757921,6371,12.4616136919315,5,3.84615384615385,-8.61545984577769,-2.99416544380046,-2.99416544380046,-1.86605769382171,,,,
24,"spacer","f 24","N1=CN=CC=C1","{'25%': 0.71392860015477355, 'std': 1.4973683495667429, 'min': 2.43477726362684e-05, 'max': 11.991670138499099, 'whishi': 5.5585792525942015, 'mean': 1.8666193385146621, 'whislo': 2.43477726362684e-05, 'cilo': 1.5545539163944482, 'count': 13718.0, '50%': 1.5892768144534304, '75%': 2.6530030960987352, 'cihi': 1.6138061883082777}",1.86661933851466,1.49736834956674,29327,57.2167160917746,29249,57.2107579462103,78,60,2.78924205378973,0.538594257375606,0.538594257375606,-0.213125343635281,-1.07312614000737,-1.53737671306686,-1.11529378099625,-1.09541305169796
25,"spacer","f 25","C[Si]1(C=C(OCCO2)C2=C1)C","{'25%': 0.98509012317335354, 'std': 1.4067492940017836, 'min': 2.43477726362684e-05, 'max': 9.6830894945196508, 'whishi': 5.8061671561342409, 'mean': 2.0474614832452613, 'whislo': 2.43477726362684e-05, 'cilo': 1.7380082011484503, 'count': 1339.0, '50%': 1.85066706981347, '75%': 2.937408469277055, 'cihi': 1.9463684443831939}",2.04746148324526,1.40674929400178,2424,4.7292024348369,2418,4.72958435207824,6,4.61538461538462,-0.114199736693624,-0.080471953383856,-0.080471953383856,-0.297727276350186,-0.637231792937796,-0.360291789172659,,
26,"terminal","f 26","O=C(C(SC1=C(C#N)C#N)=C)N1C","{'25%': 0.46720660007699299, 'std': 1.3013538567976966, 'min': 0.0076811006423159996, 'max': 6.0445145406840197, 'whishi': 4.1989383564106202, 'mean': 1.5868721783614435, 'whislo': 0.0076811006423159996, 'cilo': 1.042851688601498, 'count': 106.0, '50%': 1.34679489724959, '75%': 2.5484493817204479, 'cihi': 1.618548445620438}",1.58687217836144,1.3013538567977,200,0.390198220696114,200,0.39119804400978,0,0,-0.39119804400978,,,,,,,
27,"terminal","f 27","O=C1NC(C2=CC=CC=C21)=O","{'25%': 0.47019707257879101, 'std': 1.493434391836902, 'min': 0.0071897798724190002, 'max': 8.7644286842192205, 'whishi': 4.0150794302993598, 'mean': 1.4783706420056639, 'whislo': 0.0071897798724190002, 'cilo': 1.0140620537944272, 'count': 151.0, '50%': 1.20151947830865, '75%': 2.0088784035440348, 'cihi': 1.3331027243196418}",1.47837064200566,1.4934343918369,378,0.737474637115655,376,0.735452322738386,2,1.53846153846154,0.803009215723152,1.05713778648155,1.05713778648155,0.603561382509996,,,,
28,"terminal","f 28","S=C(SC1=C)N(C1=O)C","{'25%': 0.2875250006674841, 'std': 1.4020348474117343, 'min': 0.010953561327582999, 'max': 9.6830894945196508, 'whishi': 3.1975166170692302, 'mean': 1.1223777966209103, 'whislo': 0.010953561327582999, 'cilo': 0.62776842507525532, 'count': 80.0, '50%': 0.69682645376210206, '75%': 1.4919820370396724, 'cihi': 0.81594541005654087}",1.12237779662091,1.40203484741173,106,0.20680505696894,105,0.205378973105134,1,0.769230769230769,0.563851796125635,1.40398722711982,1.40398722711982,2.14909405895719,3.24172903247382,3.77063803346804,,
29,"terminal","f 29","FC1=C(F)C=C(F)C(F)=C1F","{'25%': 0.49295050619899272, 'std': 1.4654141222083676, 'min': 0.0098934176174850005, 'max': 8.3951587528635496, 'whishi': 4.1531133756433602, 'mean': 1.5065967119719226, 'whislo': 0.0098934176174850005, 'cilo': 0.83876769570686549, 'count': 86.0, '50%': 0.99791434130206702, '75%': 2.0011701017043451, 'cihi': 1.2038439981872351}",1.50659671197192,1.46541412220837,541,1.05548618698299,540,1.05623471882641,1,0.769230769230769,-0.287003949595637,-0.32759500828355,-0.32759500828355,,,,,
30,"terminal","f 30","FC1=C(C=C(C(F)=C1C(O)=O)F)F","{'25%': 0.53763938210686213, 'std': 1.3402712705647308, 'min': 0.012002357883272001, 'max': 5.7987897591711697, 'whishi': 4.0133970231290492, 'mean': 1.5006611628371991, 'whislo': 0.012002357883272001, 'cilo': 0.65239412861965795, 'count': 44.0, '50%': 1.0933368365052325, '75%': 1.94484732771388, 'cihi': 1.67897420588185}",1.5006611628372,1.34027127056473,248,0.483845793663181,248,0.485085574572127,0,0,-0.485085574572127,,,,,,,
31,"terminal","f 31","N1=CN=CN=C1","{'25%': 0.72213809371873106, 'std': 1.3617936363411351, 'min': 4.2116690140869801e-05, 'max': 8.9115219266843599, 'whishi': 5.2747838349123599, 'mean': 1.7951260190210137, 'whislo': 4.2116690140869801e-05, 'cilo': 1.527719326093544, 'count': 2639.0, '50%': 1.5758246796004098, '75%': 2.5751956474532598, 'cihi': 1.6316872606903119}",1.79512601902101,1.36179363634114,6376,12.4395192757921,6371,12.4616136919315,5,3.84615384615385,-8.61545984577769,-2.99416544380046,-2.99416544380046,-1.86605769382171,,,,
32,"terminal","f 32","C12=CC=CC=C1NC=N2","{'25%': 0.7952700337534031, 'std': 1.4632433406704086, 'min': 7.6571266689917596e-05, 'max': 8.869769307630369, 'whishi': 4.1885089845861403, 'mean': 1.7529360171527852, 'whislo': 7.6571266689917596e-05, 'cilo': 1.3360652831809641, 'count': 402.0, '50%': 1.4515899318830501, '75%': 2.2471437306119051, 'cihi': 1.5862715198577622}",1.75293601715279,1.46324334067041,626,1.22132043077884,621,1.21466992665037,5,3.84615384615385,2.63148391950348,2.70805374765555,2.70805374765555,0.088382442398236,,,,
33,"terminal","f 33","O=C1NC=CC=C1","{'25%': 0.63425034894052745, 'std': 1.5249160922400773, 'min': 0.0015104267072729993, 'max': 12.393401920259302, 'whishi': 5.5387326588269996, 'mean': 1.8161181875095422, 'whislo': 0.0015104267072729993, 'cilo': 1.3610319145310301, 'count': 1271.0, '50%': 1.47129367466201, '75%': 2.6111294868766253, 'cihi': 1.5513072378469241}",1.81611818750954,1.52491609224008,2427,4.73505540814734,2421,4.73545232273839,5,3.84615384615385,-0.88929847658454,-0.083582836165888,-0.083582836165888,-0.299940666400829,-0.638579028884783,-0.361589944189126,-0.041880469739061,0.16392978071674
34,"terminal","f 34","N1=CN=CC=C1","{'25%': 0.71392860015477355, 'std': 1.4973683495667429, 'min': 2.43477726362684e-05, 'max': 11.991670138499099, 'whishi': 5.5585792525942015, 'mean': 1.8666193385146621, 'whislo': 2.43477726362684e-05, 'cilo': 1.5626203076451701, 'count': 13718.0, '50%': 1.5892768144534304, '75%': 2.6530030960987352, 'cihi': 1.616755655073721}",1.86661933851466,1.49736834956674,29327,57.2167160917746,29249,57.2107579462103,78,60,2.78924205378973,0.538594257375606,0.538594257375606,-0.213125343635281,-1.07312614000737,-1.53737671306686,-1.11529378099625,-1.09541305169796
35,"terminal","f 35","O=C(C1=C2C(C=CC=C2C3=O)=CC=C1)N3C","{'25%': 0.37559567382917225, 'std': 1.3382714746689262, 'min': 0.00083547953224299997, 'max': 8.2140949632356293, 'whishi': 3.2158856932389601, 'mean': 1.1957925310331865, 'whislo': 0.00083547953224299997, 'cilo': 0.63874263077391524, 'count': 66.0, '50%': 0.79502797370694545, '75%': 1.5136836531602222, 'cihi': 1.1504244482954464}",1.19579253103319,1.33827147466893,175,0.341423443109099,174,0.340342298288509,1,0.769230769230769,0.428888470942261,0.828951258013925,0.828951258013925,,,,,
36,"terminal","f 36","O=C1C(C(N(C)C(N1C)=O)=O)=C","{'25%': 0.90385564033623589, 'std': 1.3681076962561289, 'min': 0.00034886533215000001, 'max': 11.991670138499099, 'whishi': 5.7747992498982503, 'mean': 2.002347251190062, 'whislo': 0.00034886533215000001, 'cilo': 1.83557006231363, 'count': 6166.0, '50%': 1.8590872548760899, '75%': 2.8522957743501078, 'cihi': 1.8855016986039839}",2.00234725119006,1.36810769625613,10803,21.0765568909006,10789,21.1031784841076,14,10.7692307692308,-10.3339477148768,-2.91931077470808,-2.91931077470808,-2.49533496170116,-2.44290352399726,-1.93571471601113,-1.37866577603406,-1.03681715194442
38,"terminal","f 38","C12=NSN=C1OCCO2","{'25%': 0.518541015156053, 'std': 1.256684843181507, 'min': 0.00017454998416499998, 'max': 7.8118392264334418, 'whishi': 4.9586905853053, 'mean': 1.5731453041146237, 'whislo': 0.00017454998416499998, 'cilo': 1.266682487096602, 'count': 2333.0, '50%': 1.35324595620843, '75%': 2.3032202077977399, 'cihi': 1.4086264067337622}",1.57314530411462,1.25668484318151,5677,11.0757764944592,5677,11.1041564792176,0,0,-11.1041564792176,,,,,,,
40,"terminal","f 40","O=C1C(C2=C(C3=CC=C(C4=C(F)C(F)=C([N+]#[C-])C(F)=C4F)S3)N1)=C(C5=CC=C(C6=C(F)C(F)=C(C#N)C(F)=C6F)S5)NC2=O","{'25%': nan, 'std': nan, 'min': nan, 'max': nan, 'whishi': nan, 'mean': nan, 'whislo': nan, 'cilo': nan, 'count': 0.0, '50%': nan, '75%': nan, 'cihi': nan}",,,0,0,0,0,0,0,0,,,,,,,
44,"spacer","f 44","O=C(NC1=O)C2=CC([He])=C3C4=C(C(NC3=O)=O)C=C([He])C1=C42","{'25%': nan, 'std': nan, 'min': nan, 'max': nan, 'whishi': nan, 'mean': nan, 'whislo': nan, 'cilo': nan, 'count': 0.0, '50%': nan, '75%': nan, 'cihi': nan}",,,0,0,0,0,0,0,0,,,,,,,
46,"spacer","f 46","C12=C[SiH2]C=C1OCCO2","{'25%': 1.0274616463509649, 'std': 1.4266823449937742, 'min': 2.43477726362684e-05, 'max': 10.7695986303388, 'whishi': 6.051020754338241, 'mean': 2.130210148215494, 'whislo': 2.43477726362684e-05, 'cilo': 1.9331337029283222, 'count': 1946.0, '50%': 1.9776720092220099, '75%': 3.0646492874361728, 'cihi': 2.0393652818021897}",2.13021014821549,1.42668234499377,3480,6.78944904011238,3470,6.78728606356968,10,7.69230769230769,0.905021628738011,0.384548513742347,0.384548513742347,-0.042299047439841,-0.412550343064824,-0.026740513571246,-0.418477690713758,-0.208130704264677
47,"terminal","f 47","O=CC1=CC=CS1","{'25%': 0.51633508280124707, 'std': 1.4238523034894863, 'min': 5.2975638660246501e-05, 'max': 11.740876504094301, 'whishi': 5.1140612517373603, 'mean': 1.606040275102252, 'whislo': 5.2975638660246501e-05, 'cilo': 1.2038422489169101, 'count': 4817.0, '50%': 1.2568108820501398, '75%': 2.36214153267708, 'cihi': 1.294491406495178}",1.60604027510225,1.42385230348949,11028,21.5155298891837,11011,21.5374083129584,17,13.0769230769231,-8.46048523603536,-2.38120767293138,-2.38120767293138,-0.882025048247888,-0.932074712831031,-0.646480707264266,-0.899523892459123,-1.07438076046455
48,"terminal","f 48","CN1C=NC(C#N)=C1C#N","{'25%': 0.41749562700597048, 'std': 1.2278238171483262, 'min': 0.0026963443765290001, 'max': 5.1629930774562185, 'whishi': 4.4819202099552404, 'mean': 1.4136721908151995, 'whislo': 0.0026963443765290001, 'cilo': 0.72227229063075526, 'count': 91.0, '50%': 0.90697306768857799, '75%': 2.1864397174454897, 'cihi': 1.5711329650196715}",1.4136721908152,1.22782381714833,534,1.04182924925862,534,1.04449877750611,0,0,-1.04449877750611,,,,,,,
49,"terminal","f 49","C12=NSN=C1C=CC=C2","{'25%': 0.66870681807015597, 'std': 1.4484814274876525, 'min': 0.00017454998416499998, 'max': 10.129536962325501, 'whishi': 5.5182604291691604, 'mean': 1.8031647165036104, 'whislo': 0.00017454998416499998, 'cilo': 1.449382724214936, 'count': 2345.0, '50%': 1.5078936870584201, '75%': 2.61270248454244, 'cihi': 1.5952773801620501}",1.80316471650361,1.44848142748765,5296,10.3324488840331,5285,10.3374083129584,11,8.46153846153846,-1.87586985141997,-0.728721385935286,-0.728721385935286,0.095160043829004,1.03693544947316,0.540148916748862,-0.891936830756299,
50,"spacer","f 50","C=C1C2C(C(C(C=CC=C3)=C3N2C)=C(C#N)C#N)N(C4=CC=CC=C41)C","{'25%': 1.1574526718558324, 'std': 1.1309632609025562, 'min': 0.038627604120527001, 'max': 7.4729515805504301, 'whishi': 4.6438857796515096, 'mean': 1.9282602683557957, 'whislo': 0.038627604120527001, 'cilo': 1.8018038308435043, 'count': 204.0, '50%': 1.894175116560755, '75%': 2.6124637140590923, 'cihi': 2.0604989140913501}",1.9282602683558,1.13096326090256,228,0.44482597159357,228,0.445965770171149,0,0,-0.445965770171149,,,,,,,
51,"terminal","f 51","C12=CSC=C1SCCO2","{'25%': 0.91244145579777303, 'std': 1.371909979901252, 'min': 0.00048649469751899999, 'max': 10.129536962325501, 'whishi': 5.44782954922887, 'mean': 1.9503545951258896, 'whislo': 0.00048649469751899999, 'cilo': 1.722058454935778, 'count': 2173.0, '50%': 1.7746636682208401, '75%': 2.7526672873383999, 'cihi': 1.8365722282002959}",1.95035459512589,1.37190997990125,3811,7.43522709536445,3803,7.43863080684597,8,6.15384615384615,-1.28478465299981,-0.580272357274499,-0.580272357274499,-0.694360711475723,0.061219906931986,0.535626988747879,-0.516766080685501,
52,"terminal","f 52","C12=CSC=C1SCCS2","{'25%': 0.74244253510096903, 'std': 1.3450278524239792, 'min': 0.00072599142950999999, 'max': 8.9485336162466496, 'whishi': 5.6681033574468103, 'mean': 1.847907000275014, 'whislo': 0.00072599142950999999, 'cilo': 1.5599806456338596, 'count': 1153.0, '50%': 1.7112900557292601, '75%': 2.73517674375237, 'cihi': 1.7815380727583743}",1.84790700027501,1.34502785242398,1929,3.76346183861402,1924,3.76332518337408,5,3.84615384615385,0.082828662779763,0.032115276557082,0.032115276557082,-0.499466244694984,,,,
53,"terminal","f 53","C=C1SC2=CC=CC=C2S1","{'25%': 0.79370543874556987, 'std': 1.6215810047196817, 'min': 0.042032918643209002, 'max': 8.4322104459584111, 'whishi': 5.6400340088945304, 'mean': 2.0407757391951948, 'whislo': 0.042032918643209002, 'cilo': 1.554755280469736, 'count': 165.0, '50%': 1.67358528158757, '75%': 2.7970582901313903, 'cihi': 1.9376160210458877}",2.04077573919519,1.62158100471968,312,0.608709224285937,310,0.606356968215159,2,1.53846153846154,0.93210457024638,1.35255403010594,1.35255403010594,,,,,
54,"terminal","f 54","O=C(C(C=CC=C1)=C1C2=C(C#N)C#N)C2=CC=C3NC4=CC=CC=C4O3","{'25%': 1.92630448107896, 'std': 0.6432760727037885, 'min': 1.2970239662010601, 'max': 3.3587845345491201, 'whishi': 3.3587845345491201, 'mean': 2.4759011655380712, 'whislo': 1.2970239662010601, 'cilo': 2.1937477448483502, 'count': 21.0, '50%': 2.5984942222593599, '75%': 2.9749925222104103, 'cihi': 2.9749925222104103}",2.47590116553807,0.643276072703789,21,0.040970813173092,21,0.041075794621027,0,0,-0.041075794621027,,,,,,,
55,"spacer","f 55","C12=CSC=C1SCCO2","{'25%': 0.91244145579777303, 'std': 1.371909979901252, 'min': 0.00048649469751899999, 'max': 10.129536962325501, 'whishi': 5.44782954922887, 'mean': 1.9503545951258896, 'whislo': 0.00048649469751899999, 'cilo': 1.6943098959927099, 'count': 2173.0, '50%': 1.7746636682208401, '75%': 2.7526672873383999, 'cihi': 1.8330384832014439}",1.95035459512589,1.37190997990125,3811,7.43522709536445,3803,7.43863080684597,8,6.15384615384615,-1.28478465299981,-0.580272357274499,-0.580272357274499,-0.694360711475723,0.061219906931986,0.535626988747879,-0.516766080685501,
56,"spacer","f 56","[He]C1=C2C(SCCS2)=C([He])S1","{'25%': nan, 'std': nan, 'min': nan, 'max': nan, 'whishi': nan, 'mean': nan, 'whislo': nan, 'cilo': nan, 'count': 0.0, '50%': nan, '75%': nan, 'cihi': nan}",,,0,0,0,0,0,0,0,,,,,,,
57,"spacer","f 57","N#CC(C#N)=C1C2=C(SC=C2)C3=C1C=CS3","{'25%': 1.3071764871157199, 'std': 1.3086750220769428, 'min': 0.044584825399029998, 'max': 8.0347404872361299, 'whishi': 5.31207593832979, 'mean': 2.2395504952798571, 'whislo': 0.044584825399029998, 'cilo': 1.996223865569632, 'count': 583.0, '50%': 2.0678853122665699, '75%': 3.0318104670211952, 'cihi': 2.200075912916998}",2.23955049527986,1.30867502207694,756,1.47494927423131,755,1.47677261613692,1,0.769230769230769,-0.70754184690615,-0.676480635373485,-0.676480635373485,,,,,
58,"spacer","f 58","C1(C(SC=C2)=C2C34OCCO4)=C3C=CS1","{'25%': 1.01123486930655, 'std': 1.5360855161002429, 'min': 0.016883687461971001, 'max': 12.2669626374842, 'whishi': 6.0310247099632299, 'mean': 2.1648499399757477, 'whislo': 0.016883687461971001, 'cilo': 1.6807142818848582, 'count': 576.0, '50%': 1.8509407897433001, '75%': 3.0614184674365204, 'cihi': 2.0059187653648958}",2.16484993997575,1.53608551610024,808,1.5764008116123,806,1.57652811735941,2,1.53846153846154,-0.038066578897875,-0.045710313036855,-0.045710313036855,-0.169117393443408,0.495377449132079,0.772779618794505,1.11824107022946,1.3555519600279
59,"spacer","f 59","C1(C(SC=C2)=C2C34SCCS4)=C3C=CS1","{'25%': 0.96317842825608402, 'std': 1.4786304470262088, 'min': 0.0022466552224380001, 'max': 7.9552125711701001, 'whishi': 5.4732479132437097, 'mean': 2.0885866584609203, 'whislo': 0.0022466552224380001, 'cilo': 1.6571342194180561, 'count': 349.0, '50%': 1.92961418642307, '75%': 2.8125733034612899, 'cihi': 2.0131609509428081}",2.08858665846092,1.47863044702621,555,1.08280006243172,555,1.08557457212714,0,0,-1.08557457212714,,,,,,,
60,"spacer","f 60","C12=CSC=C1N=CC=N2","{'25%': 1.0463879578178925, 'std': 1.3968284555407877, 'min': 7.6571266689917596e-05, 'max': 10.7695986303388, 'whishi': 5.2663216962108397, 'mean': 2.0442305408535408, 'whislo': 7.6571266689917596e-05, 'cilo': 1.7476349152097499, 'count': 1288.0, '50%': 1.81484322732961, '75%': 2.7802668253602905, 'cihi': 1.8916772375961299}",2.04423054085354,1.39682845554079,1779,3.47081317309193,1772,3.46601466992665,7,5.38461538461539,1.91860071468873,1.17249223399278,1.17249223399278,1.51316499726649,1.44083630065955,-0.041150735186768,0.27543488290404,0.483298825850508
61,"spacer","f 61","C12=CSC=C1C=C3C(N=S=N3)=C2","{'25%': 2.3773833743546504, 'std': 1.9000449832422315, 'min': 0.010891874131807, 'max': 11.763508320461801, 'whishi': 7.5293239925162183, 'mean': 3.652606590860461, 'whislo': 0.010891874131807, 'cilo': 3.3846781865048681, 'count': 1067.0, '50%': 3.5350100408337699, '75%': 4.4533926051921542, 'cihi': 3.6379017330381558}",3.65260659086046,1.90004498324223,1247,2.43288590604027,1208,2.36283618581907,39,30,27.6371638141809,20.3349418930623,20.3349418930623,15.1318235958411,11.4901204856543,8.617714406919,8.94783145408341,8.51060538362753
